id;edadEgresado;generoEgresado;celularPrincipalEgresado;emailEgresado;nivelVinculacionEgresado;indiceRelacionamiento;idPerfilPractica;idPerfilPersonal;idPerfilGrado
547;39;F;0;0;Baja;0;-1;5608;-1
1597;57;F;0;0;Baja;0;-1;6435;-1
207;-1;M;0;1;Baja;0;-1;5338;-1
2362;25;F;1;1;Media;0;-1;7085;-1
2171;37;F;1;1;Baja;0;-1;6919;-1
793;41;M;0;1;Baja;0;-1;5799;-1
851;58;M;0;1;Baja;0;-1;-1;-1
2467;24;M;1;1;Baja;0;-1;7172;2
29;35;F;0;1;Baja;0;-1;5199;-1
191;46;M;1;1;Baja;0;-1;5328;-1
1576;60;F;1;1;Baja;0;-1;6416;-1
1991;57;M;1;1;Baja;0;-1;-1;-1
1098;47;M;0;1;Baja;0;2392;6037;-1
586;31;F;1;1;Baja;0;-1;5642;-1
2255;34;F;1;0;Media;0;-1;-1;-1
1283;30;F;1;1;Baja;0;-1;6187;-1
825;28;M;1;1;Baja;0;-1;5827;-1
2379;39;F;0;1;Baja;0;-1;7100;-1
551;34;F;1;1;Baja;0;-1;5612;-1
807;26;F;1;1;Media;0;-1;5812;-1
1368;27;M;1;1;Media;0;-1;6257;-1
120;37;F;1;1;Baja;0;-1;5274;-1
64;55;F;0;1;Baja;0;-1;5229;-1
1864;51;M;1;1;Baja;0;-1;6662;-1
558;27;M;1;1;Media;0;-1;5619;-1
2494;44;M;0;1;Media;0;-1;7194;-1
75;53;M;0;0;Baja;0;-1;5236;-1
2428;-1;M;0;0;Baja;0;1290;7141;-1
82;44;M;0;1;Baja;0;-1;5242;-1
1432;30;M;1;1;Baja;0;-1;-1;-1
695;32;M;1;1;Media;0;-1;5727;-1
1063;38;F;0;1;Baja;0;-1;6013;-1
1289;38;F;0;0;Baja;0;-1;-1;-1
527;45;M;0;0;Baja;0;-1;-1;-1
2463;26;F;1;1;Media;0;-1;7169;-1
653;30;F;1;1;Baja;0;1902;5694;-1
1585;35;F;1;1;Baja;0;-1;6424;-1
1238;44;M;0;1;Media;0;-1;6155;-1
1133;42;M;1;1;Baja;0;-1;6064;-1
1703;49;F;1;1;Baja;0;-1;6525;-1
1365;32;M;1;1;Media;0;-1;-1;-1
1624;-1;M;1;1;Baja;0;-1;6460;-1
1574;45;F;0;1;Baja;0;-1;6414;-1
1462;30;M;1;1;Baja;0;-1;6320;-1
1875;27;M;1;1;Media;0;-1;6671;-1
1145;46;F;0;0;Baja;0;-1;6074;-1
35;45;F;0;1;Baja;0;-1;5203;-1
305;53;M;0;0;Baja;0;-1;-1;-1
676;38;F;1;1;Baja;0;-1;5711;-1
1700;42;F;1;1;Media;0;2103;6522;-1
1037;30;F;1;1;Baja;0;-1;5995;-1
61;29;F;1;1;Baja;0;-1;5227;-1
2183;50;M;1;1;Alta;0;-1;6928;-1
139;34;M;1;1;Alta;0;-1;5291;-1
1463;38;M;1;1;Baja;0;-1;6321;-1
1805;63;M;1;1;Baja;0;-1;6612;-1
1090;58;M;0;1;Alta;0;1851;6033;-1
568;41;M;1;1;Baja;0;-1;5628;-1
917;41;M;1;1;Baja;0;-1;5903;-1
338;-1;M;0;0;Baja;0;-1;5443;-1
1583;41;M;0;1;Media;0;249;6422;-1
28;33;M;1;1;Alta;0;-1;5198;-1
969;42;F;0;1;Baja;0;-1;-1;-1
1456;27;F;1;1;Media;0;-1;6317;-1
552;32;M;1;1;Media;0;-1;5613;-1
257;33;M;1;1;Media;0;-1;5377;-1
408;43;M;1;1;Baja;0;-1;5497;-1
782;40;F;1;1;Baja;0;-1;5793;-1
1233;28;F;1;1;Baja;0;-1;6150;-1
1447;28;M;1;1;Alta;0;-1;6308;-1
943;-1;F;0;1;Baja;0;-1;-1;-1
563;27;M;1;1;Alta;0;-1;5623;-1
1868;35;F;1;1;Baja;0;-1;6665;-1
663;25;M;0;1;Alta;0;-1;-1;-1
2292;32;F;1;1;Baja;0;-1;7023;-1
591;57;F;1;1;Baja;0;-1;5647;-1
1035;47;M;0;1;Baja;0;-1;5993;-1
1925;32;M;1;1;Media;0;-1;6710;-1
1206;23;F;1;1;Media;0;-1;6127;-1
743;59;M;1;1;Baja;0;-1;5763;-1
1792;25;M;1;1;Alta;0;-1;6601;-1
225;59;M;1;1;Alta;0;-1;5352;-1
284;31;M;1;1;Media;0;1019;5399;-1
617;45;M;0;1;Baja;0;-1;5669;-1
827;36;M;1;1;Baja;0;-1;5829;-1
458;32;M;1;1;Baja;0;-1;5534;-1
2288;38;F;1;1;Baja;0;-1;7019;-1
2190;43;M;1;1;Baja;0;-1;6934;-1
410;61;M;0;0;Baja;0;-1;-1;-1
2112;35;F;1;1;Baja;0;-1;6869;-1
2225;35;F;1;1;Baja;0;-1;6964;-1
2007;35;M;1;1;Baja;0;-1;6776;-1
1124;62;M;0;1;Baja;0;-1;6056;-1
1942;34;M;1;1;Baja;0;-1;6725;-1
333;28;M;0;1;Alta;0.3;-1;5438;-1
2465;59;F;0;0;Baja;0;2378;-1;-1
716;67;M;1;1;Baja;0;-1;5741;-1
806;35;M;0;1;Baja;0;-1;5811;-1
940;59;F;0;1;Baja;0;-1;-1;-1
1862;38;F;1;1;Baja;0;-1;6660;-1
2201;-1;F;0;1;Baja;0;-1;6942;-1
1197;47;M;0;0;Baja;0;-1;6118;-1
1735;25;M;1;1;Alta;0;-1;6547;-1
2261;31;F;1;1;Baja;0;-1;6992;-1
2495;43;M;0;1;Baja;0;-1;7195;-1
212;38;F;1;1;Baja;0;-1;5342;-1
677;-1;M;0;0;Baja;0;1777;-1;-1
1910;43;F;0;1;Baja;0;-1;6699;-1
2287;48;M;0;1;Baja;0;-1;7018;-1
2246;28;M;1;1;Media;0;-1;-1;-1
1228;28;M;1;1;Media;0;-1;6145;-1
580;46;F;0;0;Baja;0;-1;-1;-1
1768;34;M;1;1;Baja;0;-1;6577;-1
1909;23;F;1;1;Baja;0;-1;-1;-1
200;43;M;0;1;Baja;0;-1;5334;-1
958;36;F;0;1;Baja;0;-1;5935;-1
2468;48;F;0;1;Baja;0;-1;7173;-1
1571;31;F;1;1;Media;0;-1;6411;-1
511;23;M;1;1;Baja;0;-1;5578;-1
2401;40;F;0;1;Baja;0;1972;7119;-1
1514;34;F;0;1;Baja;0;-1;-1;-1
2393;53;F;0;1;Baja;0;-1;7112;-1
1681;37;M;1;0;Baja;0;-1;6505;-1
1175;39;M;1;1;Baja;0;-1;6102;-1
1815;45;M;1;1;Baja;0;-1;6620;-1
2140;-1;M;0;1;Baja;0;-1;6893;-1
1381;-1;M;0;0;Baja;0;-1;6265;-1
1763;27;F;1;1;Baja;0;-1;6573;-1
787;61;F;0;1;Media;0;-1;5796;-1
1326;29;F;1;1;Baja;0;2207;-1;-1
2333;-1;M;0;1;Baja;0;-1;7061;-1
2113;27;F;1;1;Media;0;-1;6870;-1
1223;53;F;1;1;Baja;0;-1;6142;-1
1780;29;F;1;1;Baja;0;-1;6589;-1
2549;48;M;1;1;Baja;0;-1;7240;-1
1500;35;M;1;1;Baja;0;-1;6351;-1
1041;33;F;0;1;Baja;0;-1;5997;-1
153;48;F;0;1;Baja;0;-1;5300;-1
2318;64;M;1;1;Baja;0;-1;7047;-1
196;36;F;1;1;Baja;0;-1;5330;-1
655;-1;M;0;0;Baja;0;-1;5696;-1
704;41;M;1;1;Media;0;-1;5734;-1
2285;-1;M;0;1;Baja;0;-1;7016;-1
835;45;F;0;0;Baja;0;-1;5835;-1
700;-1;F;1;1;Media;0;-1;5730;-1
1509;29;F;0;1;Media;0;-1;6359;-1
1825;-1;M;0;0;Baja;0;2708;-1;-1
1387;39;M;1;1;Baja;0;-1;-1;-1
1943;38;F;1;1;Media;0;-1;6726;-1
335;49;M;0;1;Alta;0;-1;5440;-1
216;36;M;1;1;Baja;0;-1;5346;-1
974;36;F;1;1;Baja;0;-1;5947;-1
601;53;F;1;1;Baja;0;-1;5655;-1
2296;49;F;0;0;Baja;0;1604;-1;-1
1214;27;M;1;1;Alta;0;-1;6134;-1
1449;34;M;0;1;Media;0;-1;6310;-1
1872;25;M;1;1;Alta;0;-1;6669;-1
300;40;F;1;1;Baja;0;-1;5413;-1
735;76;M;0;1;Media;0;-1;5758;-1
2138;32;M;1;1;Alta;0;-1;-1;-1
714;22;F;1;1;Baja;0;-1;5739;-1
708;31;F;1;1;Baja;0;-1;5736;-1
2302;36;F;1;1;Baja;0;-1;7032;-1
1156;28;M;0;1;Media;0;-1;6084;-1
1726;46;M;0;1;Baja;0;-1;6539;-1
464;38;F;1;1;Media;0;-1;5539;-1
2238;40;M;1;1;Alta;0;-1;-1;-1
1786;29;M;1;1;Media;0;1394;6595;-1
1389;50;M;0;1;Baja;0;-1;6271;-1
1667;34;M;1;1;Baja;0;-1;6495;-1
36;53;M;0;0;Baja;0;-1;5204;-1
218;31;M;1;1;Media;0;-1;-1;-1
844;35;M;0;1;Media;0;-1;5842;-1
2221;40;M;0;1;Baja;0;-1;6960;-1
2373;44;F;0;1;Baja;0;-1;7094;-1
477;70;M;1;1;Baja;0;-1;5552;-1
990;42;F;0;1;Baja;0;1957;-1;-1
2557;49;F;0;0;Baja;0;-1;7247;-1
2084;34;M;1;1;Alta;0;-1;-1;-1
2082;39;M;0;0;Baja;0;-1;6841;-1
2210;36;F;1;1;Baja;0;-1;6950;-1
1147;27;M;1;1;Alta;0;-1;6076;-1
797;66;F;0;0;Baja;0;-1;5802;-1
26;57;F;0;1;Baja;0;-1;5196;-1
54;35;F;1;1;Baja;0;-1;5221;-1
1266;38;M;1;1;Media;0;-1;6175;-1
1110;-1;M;0;0;Baja;0;1742;-1;-1
1162;57;M;1;1;Baja;0;-1;6090;-1
1269;27;M;1;1;Media;0;-1;-1;-1
424;29;M;1;1;Media;0;-1;5509;-1
870;38;F;0;1;Baja;0;-1;5865;-1
236;40;M;1;1;Baja;0;-1;-1;-1
255;63;M;0;0;Baja;0;-1;-1;-1
1107;39;F;1;1;Baja;0;-1;6044;-1
684;46;M;0;1;Baja;0;-1;5717;-1
1997;25;M;1;1;Media;0;-1;6768;-1
692;-1;F;0;0;Baja;0;2607;-1;-1
777;31;M;1;1;Media;0;-1;5789;-1
1711;-1;M;1;1;Media;0;-1;6530;-1
1302;-1;F;0;1;Baja;0;-1;6202;-1
2297;50;F;0;1;Baja;0;-1;7027;-1
33;46;M;0;1;Baja;0;-1;5202;-1
2412;35;M;1;1;Baja;0;-1;7128;-1
893;34;F;1;1;Media;0;-1;5885;-1
1108;68;M;0;1;Baja;0;-1;-1;-1
480;35;M;1;1;Media;0;-1;5554;-1
317;37;F;0;0;Baja;0;-1;5424;-1
761;37;F;0;1;Baja;0;-1;5777;-1
1784;46;M;1;1;Media;0;-1;6593;-1
90;46;F;1;1;Baja;0;-1;5249;-1
327;29;F;1;1;Baja;0;939;5432;-1
647;-1;F;0;1;Baja;0;-1;5690;-1
1976;-1;F;0;0;Baja;0;2717;-1;-1
181;35;F;1;1;Media;0;-1;5320;-1
1062;38;M;0;1;Baja;0;2205;-1;-1
237;47;M;1;1;Baja;0;-1;-1;-1
2005;32;M;1;1;Media;0;-1;6774;-1
1102;30;M;1;1;Alta;0;-1;6040;-1
1980;34;F;1;1;Media;0;-1;-1;-1
117;37;F;1;1;Baja;0;913;5271;-1
811;59;M;1;1;Baja;0;-1;5816;-1
437;31;F;1;1;Baja;0;-1;-1;-1
794;60;M;1;1;Baja;0;-1;5800;-1
2114;53;M;0;1;Baja;0;-1;6871;-1
2276;34;M;1;1;Baja;0;-1;7007;-1
1171;28;M;1;1;Media;0;-1;6099;-1
160;57;F;0;0;Baja;0;2111;-1;-1
107;54;F;0;0;Baja;0;-1;-1;-1
285;68;M;1;1;Baja;0;-1;5400;-1
1622;32;M;1;1;Baja;0;-1;6458;-1
1157;33;M;1;1;Media;0;-1;6085;-1
442;29;M;1;1;Alta;0;-1;5521;-1
865;51;M;1;1;Baja;0;-1;5860;-1
1704;33;M;1;1;Baja;0;-1;6526;-1
2090;49;M;0;1;Baja;0;-1;6848;-1
2310;32;M;0;1;Baja;0;-1;7040;-1
363;-1;M;0;0;Baja;0;-1;5460;-1
1075;43;M;1;1;Baja;0;-1;6022;-1
488;33;F;0;1;Baja;0;-1;5560;-1
600;45;M;1;1;Media;0;-1;5654;-1
762;59;F;0;1;Baja;0;-1;5778;-1
1764;40;M;1;1;Media;0;-1;6574;-1
1331;28;M;1;1;Alta;0;-1;6226;-1
2111;34;M;1;1;Baja;0;-1;6868;-1
2197;28;M;1;1;Media;0;-1;6940;-1
1827;34;F;1;1;Media;0;-1;6631;-1
2233;50;M;0;1;Baja;0;-1;6971;-1
593;29;M;1;1;Media;0;-1;5648;-1
1998;45;F;1;1;Baja;0;-1;6769;-1
282;62;M;1;1;Baja;0;-1;5397;-1
871;38;M;0;1;Baja;0;-1;5866;-1
2286;30;M;1;1;Alta;0;-1;7017;-1
783;48;F;0;1;Baja;0;-1;5794;-1
1979;49;F;0;1;Baja;0;-1;6754;-1
1307;32;F;1;1;Baja;0;-1;6205;-1
206;43;M;1;1;Alta;0;503;5337;-1
1382;43;F;0;1;Baja;0;-1;6266;-1
2359;64;F;0;0;Baja;0;-1;-1;-1
1221;41;F;1;1;Baja;0;-1;-1;-1
1339;47;M;1;1;Media;0;-1;6232;-1
625;26;F;1;1;Baja;0;885;5672;-1
2277;35;M;1;1;Alta;0;-1;7008;-1
2165;50;F;0;0;Baja;0;665;-1;-1
2011;51;F;1;1;Baja;0;-1;6780;-1
2539;39;M;1;1;Baja;0;-1;7231;-1
1074;27;M;1;1;Media;0;-1;6021;-1
1981;35;F;0;1;Baja;0;-1;6755;-1
102;53;F;0;0;Baja;0;-1;5260;-1
687;40;F;1;1;Baja;0;-1;5720;-1
251;83;M;0;1;Media;0;-1;5372;-1
528;57;M;1;1;Baja;0;-1;5591;-1
2308;44;M;0;1;Baja;0;-1;7038;-1
915;38;M;1;1;Media;0;-1;5902;-1
1344;61;M;0;0;Media;0;-1;6237;-1
1928;35;M;0;1;Media;0;-1;6713;-1
292;30;F;1;1;Baja;0;-1;5406;-1
840;33;F;0;1;Baja;0;-1;5838;-1
1386;23;F;1;1;Baja;0;-1;6269;-1
508;34;M;1;1;Baja;0;-1;5575;-1
1919;34;M;1;1;Media;0;-1;6706;-1
4;38;F;1;1;Media;0;-1;5175;-1
340;33;M;0;1;Baja;0;-1;-1;-1
1129;44;M;0;1;Baja;0;-1;6060;-1
2262;42;M;0;1;Baja;0;-1;6993;-1
583;27;M;1;1;Alta;0;-1;5639;-1
1555;63;M;0;0;Baja;0;-1;6396;-1
2060;38;F;0;1;Baja;0;-1;6820;-1
2096;30;F;1;1;Media;0;-1;6854;-1
250;43;M;0;1;Media;0;-1;5371;-1
471;31;M;1;1;Alta;0;-1;5546;-1
432;42;F;0;0;Baja;0;-1;5514;-1
79;38;F;1;1;Baja;0;-1;5240;-1
372;44;M;1;1;Media;0;-1;5467;-1
1600;34;F;1;1;Baja;0;-1;6438;-1
1774;31;F;1;1;Baja;0;-1;6583;-1
320;48;F;1;1;Baja;0;-1;5426;-1
1544;28;M;1;1;Baja;0;-1;6387;-1
457;31;M;1;1;Media;0;-1;5533;-1
1491;28;M;1;1;Baja;0;-1;6343;-1
1503;38;M;1;1;Baja;0;-1;6353;-1
166;38;F;1;1;Baja;0;-1;5310;-1
1527;56;M;0;1;Baja;0;175;6373;-1
84;43;M;1;1;Baja;0;-1;5244;-1
1053;46;F;1;1;Baja;0;-1;6007;-1
361;51;M;0;0;Baja;0;-1;-1;-1
1319;44;F;0;1;Baja;0;-1;6215;-1
2219;38;F;0;1;Baja;0;-1;6958;-1
1105;32;M;1;1;Media;0;-1;6042;-1
530;33;M;1;1;Baja;0;-1;5593;-1
2347;31;F;1;1;Media;0;-1;7073;-1
1766;-1;M;0;0;Baja;0;-1;6576;-1
345;36;M;1;1;Baja;0;-1;5448;-1
2195;73;M;0;1;Media;0;-1;6938;-1
667;31;M;0;1;Media;0;-1;5705;-1
2066;55;M;1;1;Baja;0;-1;6826;-1
732;-1;F;0;0;Baja;0;742;-1;-1
1693;30;F;0;1;Media;0;-1;6515;-1
1930;44;M;0;1;Baja;0;-1;6715;-1
1452;28;M;1;1;Media;0;-1;6313;-1
1759;43;M;1;1;Baja;0;-1;6569;-1
306;42;F;1;1;Baja;0;740;-1;-1
2348;40;M;1;1;Baja;0;-1;7074;-1
889;29;M;1;1;Alta;0;-1;5881;-1
900;35;M;1;1;Media;0;-1;5890;-1
108;-1;M;0;0;Baja;0;-1;5263;-1
1787;38;M;1;1;Media;0;-1;6596;-1
2480;-1;F;0;0;Baja;0;-1;7181;-1
555;49;F;0;1;Baja;0;-1;5616;-1
902;-1;F;0;0;Baja;0;-1;5892;-1
548;58;M;0;1;Baja;0;-1;5609;-1
1174;54;F;0;0;Baja;0;2463;-1;-1
254;62;M;1;1;Baja;0;1612;5375;-1
629;31;M;1;1;Baja;0;-1;5675;-1
1932;46;M;1;1;Baja;0;-1;6716;-1
470;54;M;0;0;Baja;0;-1;5545;-1
799;55;M;1;1;Baja;0;-1;5804;-1
883;42;M;1;1;Media;0;-1;5875;-1
585;41;M;1;1;Baja;0;-1;5641;-1
314;57;F;0;1;Baja;0;-1;5422;-1
1490;40;M;1;1;Media;0;-1;6342;-1
1429;28;M;0;1;Baja;0;-1;6297;-1
1933;41;M;0;1;Baja;0;-1;6717;-1
1688;48;M;0;1;Baja;0;-1;6511;-1
2513;33;M;1;1;Media;0;-1;7207;-1
436;30;F;0;1;Media;0;-1;5517;-1
1639;43;M;1;1;Baja;0;-1;6472;-1
1166;37;M;1;1;Media;0;-1;6094;-1
1662;-1;F;0;0;Baja;0;2025;-1;-1
1579;28;F;1;1;Media;0;-1;6418;-1
2054;-1;F;0;0;Baja;0;-1;6814;-1
1967;32;M;1;1;Media;0;2375;-1;-1
2260;82;M;0;1;Alta;0;233;6991;-1
2537;26;M;1;1;Media;0;-1;7229;-1
2083;44;F;0;1;Baja;0;-1;6842;-1
644;28;M;1;1;Media;0;-1;5687;-1
1109;38;F;1;1;Baja;0;-1;6045;-1
2234;38;M;0;1;Baja;0;583;-1;-1
272;47;F;0;1;Baja;0;2583;5389;-1
1849;-1;M;0;0;Baja;0;-1;6649;-1
1541;48;F;0;1;Baja;0;1094;-1;-1
2400;34;M;1;1;Baja;0;-1;7118;-1
115;31;F;1;1;Baja;0;-1;5269;-1
72;26;M;1;1;Media;0;-1;-1;-1
2186;66;F;0;0;Baja;0;-1;-1;-1
1355;49;F;0;1;Baja;0;-1;-1;-1
1783;54;M;0;0;Baja;0;-1;6592;-1
5;59;F;1;1;Baja;0;-1;5176;-1
83;32;M;1;1;Baja;0;-1;5243;-1
1842;28;M;1;1;Media;0;-1;6645;-1
2387;-1;F;0;0;Baja;0;-1;7108;-1
952;28;F;1;1;Baja;0;-1;5930;-1
1638;63;M;1;1;Baja;0;-1;-1;-1
273;36;F;0;1;Baja;0;-1;5390;-1
863;32;M;1;1;Media;0;-1;5858;-1
1664;56;M;1;1;Baja;0;-1;6492;-1
1218;-1;F;0;0;Baja;0;-1;6138;-1
1431;34;M;1;1;Baja;0;-1;6298;-1
686;33;F;1;1;Baja;0;-1;5719;-1
2243;54;M;0;1;Baja;0;-1;6979;-1
2372;29;M;1;1;Media;0;-1;7093;-1
1343;42;M;1;1;Media;0;-1;6236;-1
2325;56;F;0;0;Baja;0;-1;7054;-1
1272;-1;M;0;0;Baja;0;-1;6179;-1
1211;45;F;0;1;Baja;0;2047;6131;-1
2492;33;F;1;1;Baja;0;-1;7192;-1
2486;50;M;0;1;Baja;0;-1;7186;-1
1097;60;M;0;1;Baja;0;-1;6036;-1
515;52;F;0;1;Baja;0;-1;-1;-1
1362;56;M;0;1;Media;0;-1;6252;-1
1573;56;F;0;1;Media;0;-1;6413;-1
1823;33;M;1;1;Baja;0;-1;6628;-1
1042;59;F;0;1;Baja;0;-1;5998;-1
760;49;F;0;1;Baja;0;-1;5776;-1
2518;33;F;1;1;Baja;0;2453;7212;-1
2105;30;M;1;1;Alta;0;-1;-1;-1
736;41;F;0;1;Media;0;-1;-1;-1
1052;31;M;1;1;Baja;0;-1;6006;-1
1243;-1;F;0;0;Baja;0;2609;-1;-1
19;34;M;1;1;Baja;0;-1;5189;-1
1081;26;F;1;1;Baja;0;-1;6026;-1
1329;61;M;1;1;Media;0;-1;6224;-1
637;38;M;1;1;Alta;0;-1;5681;-1
1472;32;M;1;1;Baja;0;-1;6328;-1
2350;-1;F;1;1;Baja;0;-1;7076;-1
246;49;F;1;1;Baja;0;-1;5367;-1
1169;36;F;0;1;Baja;0;-1;6097;-1
1623;24;F;1;1;Baja;0;-1;6459;-1
289;32;F;1;1;Media;0;-1;5403;-1
1785;29;F;1;1;Baja;0;-1;6594;-1
1422;57;M;0;0;Media;0;-1;6291;-1
1203;34;M;1;1;Baja;0;-1;6124;-1
1328;28;M;1;1;Alta;0;-1;6223;-1
2535;54;M;1;1;Media;0;-1;7227;-1
639;49;M;1;1;Media;0;-1;5683;-1
1141;54;F;1;1;Baja;0;-1;6070;-1
1376;60;F;0;1;Baja;0;-1;6261;-1
1887;28;F;1;1;Baja;0;-1;6682;-1
1321;41;M;0;1;Media;0;-1;6217;-1
1011;30;M;1;1;Media;0;-1;5976;-1
1275;45;F;0;0;Baja;0;-1;6182;-1
1687;23;M;1;1;Media;0;-1;6510;-1
705;41;F;1;1;Media;0;-1;-1;-1
1247;54;F;1;1;Media;0;-1;-1;-1
1142;72;M;1;1;Baja;0;-1;6071;-1
748;70;F;0;0;Baja;0;-1;-1;-1
1668;47;M;1;1;Media;0;-1;6496;-1
1592;37;F;1;1;Media;0;-1;6430;-1
1461;36;F;1;1;Media;0;-1;6319;-1
97;74;M;1;1;Alta;0;-1;5255;-1
226;32;F;1;1;Baja;0;-1;5353;-1
2032;27;M;1;1;Alta;0;-1;6797;-1
2528;70;F;0;1;Baja;0;-1;7221;-1
1160;37;F;1;1;Baja;0;-1;6088;-1
2115;37;M;0;1;Alta;0;-1;-1;-1
532;54;F;0;0;Baja;0;-1;5594;-1
1826;-1;F;0;0;Baja;0;-1;6630;-1
627;57;M;0;0;Baja;0;-1;5674;-1
1314;-1;M;0;1;Baja;0;-1;6210;-1
2008;-1;M;0;0;Baja;0;-1;6777;-1
152;51;F;0;1;Media;0;-1;5299;-1
1430;29;M;0;1;Media;0;-1;-1;-1
1689;50;F;1;1;Baja;0;2416;6512;-1
2086;44;F;1;1;Media;0;-1;6844;-1
2076;34;M;1;1;Media;0;-1;6836;-1
324;42;M;1;1;Baja;0;-1;5429;-1
468;47;M;1;1;Baja;0;-1;5543;-1
2151;44;M;0;1;Baja;0;-1;6904;-1
1674;35;M;1;1;Alta;0;-1;6501;2
1929;23;M;1;1;Media;0;-1;6714;-1
2281;42;M;1;1;Baja;0.3;-1;7012;-1
1632;38;F;1;1;Baja;0;-1;6467;-1
1572;35;M;1;1;Baja;0;-1;6412;-1
657;51;F;0;1;Baja;0;-1;5698;-1
1152;31;M;1;1;Media;0;-1;6080;-1
30;32;M;1;1;Baja;0;-1;-1;-1
991;56;M;1;1;Media;0;-1;5959;-1
1824;29;F;1;1;Alta;0;-1;6629;-1
950;46;M;0;0;Baja;0;-1;5928;-1
466;33;M;1;1;Media;0;-1;5541;-1
824;48;M;0;1;Baja;0;-1;-1;-1
1678;36;F;0;1;Baja;0;-1;-1;-1
1535;44;M;1;1;Baja;0;-1;6380;-1
316;-1;F;0;0;Baja;0;2714;-1;-1
1911;34;F;1;1;Media;0;-1;6700;-1
595;34;M;1;1;Baja;0;-1;5650;-1
2227;57;F;0;0;Baja;0;-1;6966;-1
8;-1;F;0;0;Baja;0;-1;5179;-1
59;48;F;0;0;Baja;0;-1;-1;-1
147;48;F;0;0;Baja;0;-1;5296;-1
1706;40;F;0;1;Baja;0;-1;-1;-1
1324;40;F;1;1;Baja;0;-1;6220;-1
126;32;F;1;1;Media;0;-1;5279;-1
1496;50;F;1;1;Baja;0;-1;6347;-1
800;28;M;1;1;Alta;0;-1;5805;-1
89;40;F;1;1;Baja;0;-1;5248;-1
42;-1;M;0;0;Baja;0;-1;5210;-1
1743;42;F;0;1;Baja;0;2777;-1;-1
265;32;M;1;1;Alta;0;-1;5384;-1
1390;57;F;1;1;Media;0;-1;6272;-1
1237;51;F;1;1;Baja;0;-1;6154;-1
710;60;F;1;1;Baja;0;-1;5737;-1
911;59;M;1;1;Alta;0;-1;5899;-1
829;33;M;1;1;Baja;0;-1;5831;-1
133;51;M;0;0;Baja;0;-1;5285;-1
2014;-1;M;0;1;Baja;0;-1;6783;-1
1656;56;M;0;1;Baja;0;-1;6487;-1
854;60;F;0;1;Baja;0;-1;-1;-1
884;51;F;1;1;Baja;0;-1;5876;-1
1607;61;M;1;1;Baja;0;-1;6444;-1
1654;31;M;1;1;Baja;0;-1;6485;-1
1061;57;M;0;1;Baja;0;-1;6012;-1
380;37;F;1;1;Baja;0;-1;5474;-1
176;37;M;0;1;Baja;0;-1;5316;-1
443;52;F;0;0;Baja;0;-1;-1;-1
2534;47;M;0;1;Baja;0;1942;7226;-1
275;56;F;1;1;Baja;0;-1;5391;-1
520;33;F;1;1;Baja;0;-1;5585;-1
1652;41;M;1;1;Baja;0;-1;6483;-1
1710;47;M;0;1;Baja;0;-1;6529;-1
992;49;F;1;1;Baja;0;-1;5960;-1
1025;41;M;0;1;Baja;0;-1;-1;-1
1017;32;M;1;1;Baja;0;-1;5980;-1
855;29;F;1;1;Media;0;-1;5851;-1
907;34;M;1;1;Baja;0;-1;5897;-1
2482;38;F;0;1;Baja;0;-1;7182;-1
475;36;F;1;1;Baja;0;-1;5550;-1
754;43;M;0;1;Baja;0;-1;5771;-1
1312;52;F;0;1;Baja;0;-1;6209;-1
2546;33;M;0;1;Baja;0;-1;7237;-1
1018;35;M;0;1;Baja;0;-1;-1;-1
1239;-1;F;0;1;Baja;0;-1;6156;-1
1354;36;F;1;1;Baja;0;-1;6245;-1
1542;48;M;0;0;Baja;0;-1;6385;-1
445;54;F;0;1;Baja;0;-1;5523;-1
2385;40;F;1;1;Baja;0;-1;7106;-1
411;-1;M;0;0;Baja;0;-1;5499;-1
1013;42;F;1;1;Baja;0;-1;5977;-1
2177;30;M;0;1;Media;0;-1;6923;-1
817;31;F;1;1;Baja;0;-1;5822;-1
1970;32;F;1;1;Baja;0;-1;6748;-1
421;61;M;0;1;Baja;0;-1;5506;-1
1698;36;M;1;1;Alta;0;-1;6520;-1
2256;31;M;1;1;Media;0;-1;6988;-1
44;51;F;1;0;Media;0;-1;5212;-1
1621;-1;M;0;0;Baja;0;-1;6457;-1
1121;43;F;0;1;Baja;0;-1;6053;-1
2133;-1;M;0;0;Baja;0;-1;6887;-1
1082;62;F;0;1;Baja;0;1694;-1;-1
2098;-1;M;0;1;Baja;0;-1;6856;-1
403;43;F;1;1;Baja;0;-1;5492;-1
1723;36;F;1;1;Baja;0;-1;6537;-1
1889;39;M;1;1;Media;0;-1;6684;-1
397;66;M;0;0;Baja;0;-1;5489;-1
1781;-1;F;0;0;Baja;0;1607;6590;-1
554;46;M;0;1;Baja;0;-1;5615;-1
1512;36;M;1;1;Media;0;-1;6362;-1
1394;35;M;0;0;Baja;0;-1;-1;-1
2120;66;F;1;1;Media;0;-1;6875;-1
524;33;F;1;1;Baja;0;-1;-1;-1
2162;45;M;1;1;Baja;0;-1;-1;-1
506;-1;F;0;0;Baja;0;-1;5573;-1
238;58;M;0;0;Baja;0;-1;5361;-1
2218;-1;F;0;0;Baja;0;1332;-1;-1
1106;31;F;0;1;Media;0;-1;6043;-1
1161;28;F;1;1;Media;0;-1;6089;-1
1250;65;M;0;0;Baja;0;-1;-1;-1
1292;-1;M;0;0;Baja;0;-1;6195;-1
1241;62;M;0;1;Baja;0;-1;6158;-1
1531;48;M;1;1;Media;0;-1;-1;-1
1748;39;M;1;1;Media;0;-1;6558;-1
2345;71;M;1;1;Baja;0;-1;7071;-1
177;34;M;1;1;Baja;0;-1;5317;-1
734;-1;M;0;0;Baja;0;-1;5757;-1
837;-1;M;1;1;Baja;0;-1;5837;-1
427;34;M;0;1;Baja;0;-1;5511;-1
976;31;F;1;1;Baja;0;-1;5949;-1
179;-1;F;0;0;Baja;0;-1;5319;-1
1051;43;M;1;1;Baja;0;-1;6005;-1
1369;57;F;1;1;Media;0;-1;-1;-1
1569;34;F;0;1;Baja;0;-1;6409;-1
239;51;F;1;1;Media;0;-1;5362;-1
1236;28;F;1;1;Baja;0;-1;6153;-1
1646;45;M;1;1;Alta;0;-1;6477;-1
1311;30;F;1;1;Media;0;-1;6208;-1
1204;44;M;1;1;Media;0;-1;6125;-1
2346;27;M;1;1;Baja;0;-1;7072;-1
2418;27;F;1;1;Baja;0;-1;7133;-1
1306;27;F;1;1;Baja;0;-1;-1;-1
2110;36;F;1;1;Media;0;-1;6867;-1
711;56;F;0;0;Baja;0;2372;-1;-1
1032;28;F;1;1;Baja;0;-1;5991;-1
406;46;M;0;1;Baja;0;-1;5495;-1
2206;31;M;0;1;Media;0;2131;6947;-1
307;33;F;1;1;Baja;0;-1;5417;-1
610;29;M;0;1;Media;0;-1;5662;-1
1671;32;F;1;1;Media;0;-1;6498;-1
2274;37;F;1;1;Baja;0;-1;7005;-1
253;34;F;1;1;Baja;0;-1;5374;-1
1959;33;F;1;1;Baja;0;-1;6739;-1
392;32;M;0;1;Baja;0;-1;5485;-1
159;30;F;1;1;Media;0;-1;5304;-1
1450;41;F;1;1;Baja;0;-1;6311;-1
872;33;F;1;1;Baja;0;-1;5867;-1
2509;49;F;1;1;Media;0;-1;-1;-1
545;40;M;0;1;Baja;0;-1;5606;-1
2340;28;F;1;1;Media;0;-1;7067;-1
529;32;M;1;1;Baja;0;-1;5592;-1
1199;59;M;1;1;Baja;0;-1;6120;-1
1642;31;M;0;1;Media;0;-1;6474;-1
1665;26;M;1;1;Media;0;-1;6493;-1
594;36;M;0;1;Baja;0;-1;5649;-1
1245;58;F;1;1;Baja;0;-1;-1;-1
2365;41;F;1;1;Baja;0;-1;7087;-1
536;29;F;1;1;Baja;0;-1;5598;-1
1884;47;F;0;1;Baja;0;-1;6679;-1
2319;29;M;1;1;Media;0;-1;7048;-1
1861;31;F;1;1;Baja;0;-1;6659;-1
933;33;F;1;1;Media;0;-1;-1;-1
2026;53;M;0;1;Alta;0;-1;6792;-1
1021;37;F;1;1;Baja;0;-1;5983;-1
1712;33;F;1;1;Baja;0;-1;6531;-1
1580;42;M;1;1;Baja;0;-1;6419;-1
2304;42;F;1;1;Baja;0;-1;7034;-1
729;46;M;1;1;Alta;0;-1;5753;-1
264;36;F;1;1;Baja;0;-1;5383;-1
420;29;M;1;1;Media;0;-1;5505;-1
715;45;M;1;1;Media;0;-1;5740;-1
2063;69;M;0;0;Baja;0;-1;6823;-1
2160;42;F;1;1;Baja;0;-1;6911;-1
2017;35;M;1;1;Baja;0;-1;6785;-1
2497;68;M;0;0;Baja;0;950;-1;-1
697;29;M;1;1;Media;0;-1;-1;-1
2511;78;M;0;0;Baja;0;-1;-1;-1
1084;35;M;1;1;Baja;0;-1;6028;-1
2464;44;M;0;1;Baja;0;-1;7170;-1
670;31;M;0;1;Alta;0;-1;-1;-1
2354;33;M;1;1;Media;0;2093;7080;-1
1907;44;M;0;1;Media;0;1406;6698;-1
2178;-1;F;0;0;Baja;0;-1;6924;-1
575;29;F;1;1;Alta;0;-1;5634;-1
1352;42;F;0;1;Baja;0;-1;6244;-1
1046;38;M;1;1;Baja;0;-1;6001;-1
1593;38;M;1;1;Baja;0;-1;6431;-1
2095;49;M;0;1;Baja;0;-1;6853;-1
1274;31;F;1;1;Baja;0;-1;6181;-1
2471;29;F;1;1;Baja;0;1897;-1;-1
693;30;F;1;1;Baja;0;-1;5725;-1
682;49;F;0;1;Baja;0;-1;5715;-1
832;51;F;1;1;Baja;0;-1;5834;-1
1414;-1;M;0;1;Baja;0;-1;6284;-1
1022;29;F;1;1;Baja;0;-1;5984;-1
202;47;M;0;0;Baja;0;-1;-1;-1
141;56;F;0;1;Baja;0;1087;-1;-1
1268;44;F;1;1;Media;0;-1;6176;-1
2216;40;F;1;1;Baja;0;-1;6956;-1
1860;37;F;1;1;Media;0;-1;6658;-1
1508;40;M;1;1;Media;0;-1;6358;-1
1954;36;F;1;1;Baja;0;-1;6734;-1
1940;28;F;1;1;Baja;0;-1;6723;-1
2451;29;F;1;1;Media;0;-1;7161;-1
1458;71;M;0;0;Baja;0;-1;-1;-1
100;-1;F;0;0;Baja;0;-1;5258;-1
365;35;F;1;1;Media;0;-1;5462;-1
957;-1;M;0;0;Baja;0;-1;5934;-1
287;61;M;0;1;Baja;0;-1;5401;-1
234;46;F;0;1;Media;0;-1;5360;-1
204;44;M;0;1;Baja;0;-1;5336;-1
2398;44;M;1;1;Baja;0;-1;7116;-1
1332;35;M;1;1;Baja;0;-1;6227;-1
948;53;M;1;1;Baja;0;-1;5926;-1
576;55;F;1;1;Baja;0;-1;5635;-1
1694;56;M;0;0;Baja;0;-1;6516;-1
1423;67;F;0;1;Baja;0;-1;6292;-1
2250;35;F;1;1;Media;0;-1;6985;-1
2039;33;M;0;1;Media;0;-1;6803;-1
1134;53;F;1;0;Baja;0;-1;6065;-1
1914;75;M;0;0;Baja;0;-1;-1;-1
1630;32;F;1;1;Baja;0;-1;6465;-1
815;35;F;1;1;Baja;0;-1;5820;-1
1858;35;M;1;1;Media;0;-1;-1;-1
2050;27;F;1;1;Baja;0;-1;6812;-1
938;42;F;0;1;Baja;0;-1;5919;-1
1757;44;M;0;1;Media;0;-1;6567;-1
85;44;M;1;1;Baja;0;-1;5245;-1
2294;44;M;1;1;Baja;0;-1;7025;-1
2449;31;M;1;1;Media;0;-1;7159;-1
767;64;F;0;1;Baja;0;-1;5783;-1
914;59;F;1;1;Media;0;-1;-1;-1
2564;40;F;1;1;Baja;0;-1;7253;-1
229;46;M;1;1;Media;0;-1;5356;-1
544;55;F;0;1;Baja;0;1747;5605;-1
1937;47;M;0;1;Baja;0;-1;6721;-1
138;56;F;0;1;Baja;0;-1;5290;-1
895;60;M;1;1;Media;0;-1;5886;-1
1820;41;F;0;1;Baja;0;-1;6625;-1
425;35;M;1;1;Baja;0;-1;-1;-1
174;35;M;1;1;Alta;0;-1;5315;-1
247;32;F;1;1;Baja;0;-1;5368;-1
505;43;M;1;1;Media;0;2584;-1;-1
571;41;M;0;1;Media;0;-1;5630;-1
1263;28;F;1;1;Baja;0;-1;6173;-1
504;53;M;0;1;Baja;0;-1;-1;-1
1132;31;M;1;1;Media;0;-1;6063;-1
203;69;M;1;1;Alta;0;-1;5335;-1
1855;-1;M;1;1;Baja;0;-1;6655;-1
662;63;F;0;1;Baja;0;-1;-1;-1
1378;48;F;1;1;Baja;0;-1;6262;-1
584;29;F;1;1;Baja;0;-1;5640;-1
656;30;F;1;1;Baja;0;-1;5697;-1
2313;30;M;1;1;Alta;0;-1;7043;-1
905;43;M;1;1;Media;0;-1;5895;-1
1301;46;F;1;1;Baja;0;-1;6201;-1
932;60;F;0;0;Baja;0;-1;5916;-1
1520;-1;M;0;0;Baja;0;-1;6368;-1
2407;39;M;1;1;Media;0;-1;7124;-1
814;37;F;0;1;Baja;0;-1;5819;-1
2249;27;M;1;1;Alta;0;-1;6984;-1
2267;54;M;0;0;Baja;0;-1;6998;-1
1069;29;M;1;1;Alta;0;-1;-1;-1
1912;39;M;1;1;Baja;0;-1;6701;-1
2527;25;M;1;1;Media;0;-1;7220;-1
2028;36;M;0;1;Baja;0;-1;-1;-1
2146;38;F;1;1;Baja;0;-1;6899;-1
74;54;M;0;1;Baja;0;-1;5235;-1
706;41;F;0;1;Baja;0;-1;5735;-1
349;32;M;0;1;Media;0;-1;-1;-1
956;50;F;0;1;Media;0;-1;-1;-1
634;-1;F;0;0;Baja;0;-1;5678;-1
1834;33;F;1;1;Baja;0;-1;6637;-1
1001;29;M;1;1;Baja;0;-1;5967;-1
773;-1;F;0;0;Baja;0;1315;-1;-1
1345;28;F;1;1;Baja;0;683;6238;-1
2423;43;M;1;1;Baja;0;-1;7137;-1
378;35;M;1;1;Baja;0;-1;5472;-1
1033;53;M;1;1;Baja;0;-1;5992;-1
1224;-1;F;0;1;Baja;0;-1;6143;-1
2427;44;M;1;1;Baja;0;-1;7140;-1
1682;-1;M;1;1;Baja;0;-1;6506;-1
1734;33;M;1;1;Alta;0;-1;6546;-1
1863;44;M;1;1;Media;0;-1;6661;-1
460;40;M;1;1;Media;0;-1;5536;-1
1010;41;M;1;1;Baja;0;-1;5975;-1
2498;45;M;1;1;Media;0;-1;-1;-1
1534;29;F;1;1;Baja;0;-1;6379;-1
1751;46;M;1;1;Baja;0;-1;6561;-1
1094;-1;M;1;1;Baja;0;-1;6035;-1
2009;41;F;1;1;Baja;0;-1;6778;-1
2154;37;F;1;1;Baja;0;-1;6906;-1
2282;52;M;1;1;Baja;0;-1;7013;-1
2199;35;F;1;1;Baja;0;-1;6941;-1
2454;66;M;0;0;Baja;0;-1;-1;-1
1148;39;F;1;1;Baja;0;-1;6077;-1
1564;42;M;0;1;Baja;0;-1;6405;-1
2364;43;M;1;1;Baja;0;-1;-1;-1
2507;-1;F;0;1;Baja;0;1630;7204;-1
1926;-1;M;0;0;Baja;0;-1;6711;-1
860;-1;M;0;1;Baja;0;-1;5855;-1
2184;39;M;0;1;Alta;0;-1;6929;-1
1116;83;M;0;0;Baja;0;-1;-1;-1
2505;33;M;0;1;Media;0;2246;7203;-1
828;35;M;1;1;Media;0;-1;5830;-1
1103;-1;M;0;0;Baja;0;2633;-1;-1
21;38;F;0;1;Baja;0;-1;5191;-1
1641;45;M;1;1;Media;0;-1;6473;-1
652;45;M;1;1;Baja;0;-1;5693;-1
1231;34;F;1;1;Baja;0;-1;6148;-1
2074;32;M;0;1;Baja;0;-1;6834;-1
2237;61;M;1;1;Baja;0;-1;6974;-1
370;62;M;0;0;Baja;0;-1;5466;-1
519;54;F;0;1;Baja;0;-1;-1;-1
2562;65;M;1;1;Baja;0;-1;7251;-1
1738;28;F;1;1;Baja;0;-1;6550;-1
752;30;M;0;1;Baja;0;-1;5769;-1
1179;29;F;1;1;Baja;0;-1;6104;-1
1193;36;F;1;1;Baja;0;-1;6114;-1
1715;36;M;1;1;Media;0;-1;6532;-1
2536;42;F;0;1;Baja;0;-1;7228;-1
455;51;F;0;1;Media;0;-1;5531;-1
856;65;M;1;1;Baja;0;-1;5852;-1
2056;-1;F;0;1;Baja;0;-1;6816;-1
70;34;M;1;1;Media;0;-1;5232;-1
222;48;M;0;1;Baja;0;-1;5350;-1
659;-1;F;0;0;Baja;0;-1;5700;-1
2211;42;F;0;0;Baja;0;-1;6951;-1
709;45;M;0;1;Baja;0;-1;-1;-1
763;71;M;0;1;Baja;0;-1;5779;-1
148;45;F;0;1;Baja;0;-1;5297;-1
154;43;M;1;1;Baja;0;-1;5301;-1
2552;59;M;0;1;Baja;0;-1;7243;-1
724;35;F;1;1;Baja;0;-1;5749;-1
1660;64;F;0;0;Baja;0;653;-1;-1
874;31;M;0;1;Media;0;-1;5869;-1
2213;35;F;1;1;Baja;0;-1;6953;-1
1131;31;F;1;1;Baja;0;-1;6062;-1
446;37;M;0;1;Media;0;-1;5524;-1
2455;51;M;0;1;Baja;0;-1;7162;-1
140;45;M;1;1;Baja;0;-1;5292;-1
2059;34;M;1;1;Media;0;-1;6819;-1
903;45;F;1;1;Baja;0;-1;5893;-1
2473;45;M;1;1;Media;0;-1;7176;-1
87;45;F;0;1;Baja;0;-1;5246;-1
540;46;M;0;1;Baja;0;-1;5602;-1
888;39;M;1;1;Baja;0;-1;5880;-1
1810;44;M;1;1;Media;0;-1;6616;-1
92;-1;M;1;1;Baja;0;-1;5250;-1
1851;36;M;0;1;Media;0;-1;6651;-1
2169;52;M;1;1;Baja;0;-1;6917;-1
973;41;F;0;0;Baja;0;-1;5946;-1
407;68;M;1;1;Media;0;-1;5496;-1
679;65;M;1;1;Baja;0;-1;5713;-1
2329;60;M;0;1;Baja;0;-1;7057;-1
1434;62;M;1;1;Baja;0;-1;6300;-1
2459;35;F;1;1;Baja;0;-1;7165;-1
256;30;F;1;1;Baja;0;-1;5376;-1
1087;41;M;0;0;Baja;0;-1;-1;-1
1457;35;M;1;1;Media;0;-1;6318;-1
1566;46;M;0;1;Baja;0;1923;6406;-1
1594;24;M;1;1;Alta;0;-1;6432;-1
1986;26;F;1;1;Media;0;127;6759;-1
2196;47;M;1;1;Baja;0;-1;6939;-1
1240;55;F;0;1;Baja;0;-1;6157;-1
1420;-1;F;0;0;Baja;0;2614;-1;-1
2336;51;M;1;1;Media;0;-1;7064;-1
731;41;F;0;1;Baja;0;-1;5755;-1
537;40;F;0;1;Baja;0;-1;5599;-1
383;33;M;1;1;Baja;0;-1;5477;-1
1007;69;M;1;1;Baja;0;-1;-1;-1
1657;39;F;0;1;Baja;0;-1;6488;-1
2397;43;M;0;1;Baja;0;-1;7115;-1
979;79;F;0;0;Media;0;1768;-1;-1
1139;28;M;1;1;Alta;0;-1;-1;-1
2104;33;F;1;1;Media;0;-1;6862;-1
1722;27;M;0;1;Media;0;-1;-1;-1
109;-1;M;0;0;Baja;0;-1;5264;-1
1677;29;M;1;1;Baja;0;-1;6504;-1
310;34;M;1;1;Baja;0;-1;-1;-1
384;46;M;0;1;Baja;0;-1;-1;-1
342;31;M;1;1;Baja;0;-1;5445;-1
514;48;M;0;0;Baja;0;-1;5581;-1
2366;51;F;1;1;Baja;0;786;7088;-1
78;34;M;1;1;Media;0;-1;5239;-1
1220;31;F;1;1;Baja;0;-1;6140;-1
1613;55;F;0;1;Baja;0;-1;6450;-1
2363;44;M;1;1;Baja;0;-1;7086;-1
1448;34;M;1;1;Alta;0;-1;6309;-1
2230;62;M;1;1;Baja;0;-1;6968;-1
2295;34;F;0;1;Baja;0;-1;7026;-1
2215;39;M;0;1;Baja;0.3;-1;6955;-1
1804;34;F;0;1;Baja;0;-1;6611;-1
2091;31;F;1;1;Baja;0;-1;6849;-1
2430;33;F;1;1;Baja;0;909;-1;-1
1015;35;M;1;1;Baja;0;-1;5979;-1
2128;33;M;1;1;Baja;0;-1;6883;-1
1854;68;M;0;1;Baja;0;-1;6654;-1
2252;26;F;1;1;Media;0;-1;6986;-1
1320;58;M;1;1;Baja;0;-1;6216;-1
1727;34;M;1;1;Baja;0;-1;6540;-1
104;32;F;1;1;Baja;0;-1;5262;-1
205;22;F;1;1;Media;0;-1;-1;-1
1383;28;F;0;1;Baja;0;-1;-1;-1
169;60;F;0;0;Baja;0;-1;-1;-1
2214;60;M;0;0;Baja;0;-1;6954;-1
1212;42;F;0;1;Baja;0;-1;6132;-1
1807;-1;M;0;0;Baja;0;1736;-1;-1
2291;31;F;0;1;Baja;0;-1;7022;-1
626;49;F;1;1;Baja;0;-1;5673;-1
1533;44;M;1;1;Baja;0;-1;6378;-1
189;29;M;1;1;Media;0;-1;5326;-1
493;56;M;0;1;Baja;0;-1;5563;-1
573;46;F;0;1;Baja;0;-1;5632;-1
2166;36;F;1;1;Baja;0;-1;6914;-1
867;31;F;1;1;Baja;0;-1;5862;-1
507;52;F;1;1;Baja;0;-1;5574;-1
813;-1;M;1;1;Baja;0;-1;5818;-1
2442;39;F;1;1;Baja;0;-1;7152;-1
1444;37;M;0;1;Baja;0;-1;-1;-1
1903;35;F;1;1;Baja;0;-1;6696;-1
920;47;F;1;1;Baja;0;-1;-1;-1
286;57;M;0;0;Media;0;-1;-1;-1
2391;46;F;0;0;Baja;0;1857;-1;-1
1425;50;F;1;1;Media;0;-1;6294;-1
1454;78;M;0;1;Baja;0;-1;6315;-1
1130;43;F;0;0;Baja;0;-1;6061;-1
1189;-1;F;0;0;Baja;0;2613;-1;-1
1575;-1;F;0;0;Baja;0;-1;6415;-1
321;60;F;1;1;Baja;0;-1;5427;-1
2560;52;M;0;1;Baja;0;-1;-1;-1
1072;43;M;0;1;Media;0;-1;-1;-1
1796;31;F;1;1;Media;0;-1;-1;-1
2164;46;M;1;1;Baja;0;-1;6913;-1
765;41;M;1;1;Baja;0;-1;5781;-1
1057;31;M;0;1;Media;0;-1;-1;-1
1158;30;M;1;1;Alta;0;1787;6086;-1
1779;36;F;1;1;Baja;0;-1;6588;-1
334;43;M;0;1;Baja;0;-1;5439;-1
1754;44;F;0;1;Baja;0;-1;6564;-1
1616;28;M;1;1;Media;0;-1;6453;-1
1877;67;F;1;1;Media;0;-1;6673;-1
1900;55;M;1;1;Baja;0;-1;6694;-1
789;36;M;1;1;Baja;0;-1;5797;-1
1475;52;F;0;0;Baja;0;2357;-1;-1
910;31;F;1;1;Baja;0;-1;5898;-1
1908;34;M;1;1;Media;0;-1;-1;-1
1984;49;F;1;1;Baja;0;-1;6757;-1
2245;40;F;0;1;Baja;0;-1;6981;-1
329;-1;M;0;1;Baja;0;-1;5434;-1
2254;46;M;1;1;Media;0;-1;-1;-1
485;43;M;0;1;Baja;0;-1;5557;-1
1537;41;M;0;1;Media;0;-1;6382;-1
2352;44;F;1;1;Media;0;-1;7078;-1
1435;49;F;0;1;Baja;0;-1;6301;-1
745;-1;F;1;1;Baja;0;1235;-1;-1
616;54;F;0;1;Baja;0;-1;5668;-1
178;58;F;0;0;Baja;0;1710;5318;-1
1739;44;M;1;1;Alta;0;-1;6551;-1
68;34;F;1;1;Baja;0;-1;5230;-1
1978;-1;F;0;0;Baja;0;-1;6753;-1
864;31;M;0;1;Baja;0;-1;5859;-1
1167;41;M;0;0;Baja;0;-1;6095;-1
1397;29;M;1;1;Media;0;2458;-1;-1
1427;-1;F;0;0;Baja;0;2461;-1;-1
1745;26;F;1;1;Media;0;-1;6555;-1
744;70;M;1;1;Media;0;-1;-1;-1
1802;-1;F;0;1;Baja;0;-1;6609;-1
2431;53;F;0;0;Baja;0;-1;7143;-1
2496;39;F;1;1;Baja;0;-1;7196;-1
25;50;F;0;0;Baja;0;-1;5195;-1
628;58;F;0;0;Baja;0;-1;-1;-1
106;-1;F;0;0;Baja;0;-1;-1;-1
1276;50;M;1;1;Baja;0;-1;-1;-1
157;46;M;0;0;Baja;0;-1;5303;-1
1012;53;F;1;1;Baja;0;-1;-1;-1
2235;36;M;1;1;Baja;0;-1;6972;-1
2037;-1;F;0;0;Baja;0;-1;6801;-1
2118;35;M;1;1;Baja;0;-1;6873;-1
24;51;M;1;1;Alta;0;-1;5194;-1
1244;59;F;1;1;Baja;0;-1;6160;-1
2381;-1;M;0;0;Baja;0;-1;7102;-1
357;25;F;1;1;Baja;0;-1;5456;-1
846;44;F;0;1;Baja;0;-1;5844;-1
2042;35;F;1;1;Baja;0;-1;6806;-1
2452;-1;M;0;0;Baja;0;1239;-1;-1
1304;64;F;0;1;Baja;0;-1;-1;-1
2034;30;F;1;1;Baja;0;-1;6798;-1
2283;41;M;1;1;Media;0;-1;7014;-1
942;40;F;1;1;Media;0;-1;5922;-1
1251;37;F;1;1;Media;0;-1;6164;-1
955;-1;M;0;1;Baja;0;-1;5933;-1
1895;26;F;0;1;Baja;0;-1;6690;-1
473;31;F;1;1;Baja;0;-1;5548;-1
452;44;M;1;1;Baja;0;-1;5529;-1
1375;51;M;0;0;Baja;0;-1;6260;-1
414;37;M;0;1;Baja;0;-1;5501;-1
144;36;M;1;1;Media;0;-1;5295;-1
1256;42;M;0;0;Baja;0;-1;-1;-1
1284;58;M;1;1;Baja;0;-1;6188;-1
1438;27;M;1;1;Media;0;-1;6302;-1
1813;35;M;1;1;Baja;0;-1;6618;-1
17;28;M;1;1;Alta;0;-1;5187;-1
759;32;M;1;1;Media;0;-1;5775;-1
805;59;M;1;1;Media;0;-1;5810;-1
959;54;F;0;1;Baja;0;-1;5936;-1
947;-1;F;0;1;Media;0;1185;5925;-1
1966;55;F;1;1;Baja;0;-1;6745;-1
2558;41;F;0;1;Baja;0;1919;7248;-1
1341;45;M;1;1;Media;0;-1;6234;-1
217;41;M;1;1;Alta;0;-1;5347;-1
2244;35;F;1;1;Media;0;-1;6980;-1
1506;-1;M;0;0;Media;0;-1;6356;-1
1640;55;F;0;1;Baja;0;-1;-1;-1
931;-1;F;0;1;Baja;0;2482;5915;-1
830;46;F;0;1;Baja;0;-1;5832;-1
1777;50;M;1;1;Baja;0;-1;6586;-1
1865;31;F;0;1;Baja;0;-1;6663;-1
1310;29;M;1;1;Baja;0;-1;-1;-1
918;36;M;1;1;Baja;0;-1;5904;-1
2414;36;F;1;1;Media;0;-1;7130;-1
110;60;M;0;0;Baja;0;-1;5265;-1
624;67;M;0;0;Baja;0;-1;-1;-1
935;30;F;1;1;Baja;0;-1;5917;-1
1708;44;M;1;1;Baja;0;-1;-1;-1
2410;57;M;1;1;Baja;0;-1;7126;-1
1308;32;F;1;1;Baja;0;-1;6206;-1
2312;26;M;1;1;Alta;0;-1;7042;-1
1271;28;M;1;1;Alta;0;-1;6178;-1
1125;49;M;1;1;Baja;0;-1;6057;-1
1510;37;F;1;1;Media;0;-1;6360;-1
795;69;M;0;0;Baja;0;-1;-1;-1
1058;39;M;1;1;Media;0;-1;6010;-1
1501;29;F;1;1;Baja;0;-1;6352;-1
2070;35;M;1;1;Media;0;-1;6830;-1
2384;30;F;1;1;Baja;0;-1;7105;-1
1620;69;M;0;1;Baja;0;-1;-1;-1
623;49;F;0;0;Baja;0;-1;-1;-1
2139;30;F;1;1;Baja;0;-1;6892;-1
2142;32;F;1;1;Baja;0;-1;6895;-1
599;32;M;1;1;Media;0;-1;5653;-1
2144;57;M;1;0;Baja;0;-1;6897;-1
2170;40;F;1;1;Baja;0;-1;6918;-1
923;29;F;1;1;Baja;0;-1;5908;-1
1791;67;M;0;0;Baja;0;-1;6600;-1
10;34;F;0;1;Baja;0;-1;5181;-1
2343;48;M;0;1;Baja;0;-1;7070;-1
660;48;F;1;1;Baja;0;-1;-1;-1
1741;48;F;1;1;Baja;0;-1;6553;-1
2258;32;M;1;1;Media;0;-1;6989;-1
435;44;F;0;1;Baja;0;-1;5516;-1
2257;26;F;1;1;Media;0;-1;-1;-1
1066;58;F;0;1;Baja;0;-1;6016;-1
975;36;M;1;1;Baja;0;-1;5948;-1
1185;30;M;1;1;Media;0;-1;6109;-1
2018;68;M;1;1;Baja;0;-1;-1;-1
1645;61;F;0;0;Baja;0;-1;-1;-1
2299;25;F;1;1;Baja;0;-1;7029;-1
1323;33;F;1;1;Baja;0;-1;6219;-1
1921;39;F;0;1;Media;0;-1;6707;-1
2161;29;F;1;1;Baja;0;-1;6912;-1
1778;40;F;0;0;Baja;0;-1;6587;-1
447;42;F;0;1;Baja;0;-1;5525;-1
2127;41;M;1;1;Baja;0;-1;6882;-1
513;34;M;1;1;Baja;0;-1;5580;-1
2316;-1;M;0;0;Baja;0;1323;-1;-1
822;47;M;0;1;Baja;0;-1;5826;-1
1364;58;M;0;0;Baja;0;-1;6254;-1
2075;24;F;1;1;Media;0;-1;6835;11
602;51;M;0;1;Baja;0;-1;-1;-1
808;34;F;1;1;Baja;0;-1;5813;-1
309;35;F;0;1;Baja;0;1722;5419;-1
1265;50;M;0;0;Media;0;-1;-1;-1
366;37;M;0;1;Media;0;-1;5463;-1
1350;36;M;1;1;Baja;0;-1;6242;-1
1679;-1;F;0;0;Baja;0;2456;-1;-1
241;67;M;0;1;Baja;0;-1;5364;-1
1612;28;M;1;1;Baja;0;-1;6449;-1
913;51;M;0;1;Baja;0;-1;5901;-1
2;43;F;1;1;Baja;0;-1;5173;-1
739;38;M;1;1;Alta;0;-1;5761;-1
14;33;M;0;1;Baja;0;-1;5185;-1
2445;58;M;1;1;Baja;0;-1;7155;-1
525;33;M;1;1;Media;0;-1;5589;-1
1958;28;F;1;1;Media;0;-1;6738;-1
2512;40;M;1;1;Baja;0;-1;7206;-1
2156;68;M;0;1;Media;0;-1;-1;-1
523;30;M;1;1;Media;0;-1;5588;-1
612;45;M;1;1;Baja;0;-1;5664;-1
1856;23;M;1;1;Media;0;-1;-1;-1
1198;39;M;1;1;Baja;0;2523;6119;-1
322;39;M;0;0;Baja;0;-1;-1;-1
1482;27;F;0;1;Baja;0;-1;-1;-1
2072;28;F;1;1;Media;0;-1;6832;-1
150;41;M;1;1;Baja;0;-1;-1;-1
2383;33;M;1;1;Baja;0;-1;7104;-1
2125;39;M;1;1;Baja;0;-1;6880;-1
577;54;F;0;0;Baja;0;-1;5636;-1
879;37;M;1;1;Baja;0;-1;-1;-1
1721;34;M;0;1;Baja;0;-1;6536;-1
1744;43;M;0;0;Baja;0;-1;-1;-1
972;42;M;0;1;Baja;0;-1;5945;-1
587;51;F;0;1;Baja;0;-1;5643;-1
1495;35;M;1;1;Baja;0;-1;6346;-1
1101;-1;M;0;0;Baja;0;1731;-1;-1
1992;38;F;0;1;Baja;0;-1;6763;-1
1894;24;F;1;1;Baja;0;-1;6689;-1
2522;46;F;1;1;Media;0;1781;7215;-1
2073;-1;F;0;1;Baja;0;-1;6833;-1
2147;45;M;1;1;Baja;0;-1;6900;-1
1866;50;M;0;0;Baja;0;-1;-1;-1
556;27;F;1;1;Baja;0;-1;5617;-1
823;43;M;0;1;Baja;0;-1;-1;-1
966;26;M;1;1;Alta;0;-1;-1;-1
605;48;M;0;1;Baja;0;-1;5657;-1
843;47;F;0;1;Baja;0;-1;5841;-1
1300;34;F;1;1;Media;0;-1;6200;-1
643;31;F;0;1;Baja;0;-1;-1;-1
1392;27;M;1;1;Media;0;-1;6273;-1
2413;55;F;0;1;Baja;0;-1;7129;-1
1143;32;F;1;1;Baja;0;-1;6072;-1
1755;42;F;0;1;Baja;0;-1;6565;-1
2231;-1;M;0;0;Baja;0;-1;6969;-1
1468;35;F;1;1;Baja;0;-1;6324;-1
197;30;M;1;1;Baja;0;-1;5331;-1
2172;39;M;0;1;Baja;0;-1;-1;-1
567;32;M;1;1;Baja;0;2433;5627;-1
1126;39;M;1;1;Media;0;-1;6058;-1
1348;46;F;0;0;Baja;0;-1;6240;-1
1190;-1;F;0;0;Baja;0;2459;-1;-1
1644;46;M;0;1;Baja;0;-1;6476;-1
1519;31;F;1;1;Media;0;-1;6367;-1
2263;30;M;1;1;Media;0;-1;6994;-1
922;57;M;1;1;Media;0;-1;5907;-1
1589;25;F;1;1;Baja;0;-1;-1;-1
293;31;F;1;1;Baja;0;-1;5407;-1
517;36;M;1;1;Baja;0;-1;5583;-1
2232;30;F;1;1;Baja;0;-1;6970;-1
526;29;F;1;1;Media;0;-1;5590;-1
1372;26;F;1;1;Media;0;-1;6259;-1
1205;33;F;1;1;Baja;0;-1;6126;-1
868;39;M;1;1;Baja;0;-1;5863;-1
1809;37;F;1;1;Baja;0;-1;6615;-1
1799;68;F;0;0;Baja;0;-1;6607;-1
738;41;M;1;1;Baja;0;-1;5760;-1
1049;43;F;0;1;Baja;0;-1;6003;-1
2478;28;M;0;1;Alta;0;-1;-1;-1
949;41;M;1;1;Media;0;-1;5927;-1
522;38;F;0;1;Media;0;-1;5587;-1
564;47;F;0;1;Baja;0;1609;5624;-1
91;57;F;0;0;Baja;0;-1;-1;-1
449;-1;F;0;0;Baja;0;2360;-1;-1
476;29;F;1;1;Baja;0;-1;5551;-1
698;27;M;0;1;Media;0;2128;-1;-1
1291;-1;M;0;0;Baja;0;-1;6194;-1
1938;-1;M;0;0;Baja;0;1674;-1;-1
358;36;M;1;1;Baja;0;1762;5457;-1
1731;39;M;1;1;Baja;0;-1;6543;-1
2531;39;F;1;1;Baja;0;-1;7224;-1
2290;36;F;1;1;Baja;0;-1;7021;-1
1402;-1;F;0;0;Baja;0;2054;-1;-1
2353;-1;M;1;1;Baja;0;-1;7079;-1
450;43;F;0;0;Baja;0;-1;5527;-1
1957;31;M;1;1;Baja;0;-1;6737;-1
1598;58;M;0;1;Baja;0;-1;6436;-1
1628;33;F;1;1;Baja;0;-1;6463;-1
1634;29;F;0;1;Media;0;-1;-1;-1
2524;62;M;1;1;Baja;0;-1;7217;-1
664;63;M;1;1;Baja;0;-1;5702;-1
1691;49;M;0;1;Baja;0;-1;6513;-1
2516;-1;M;1;1;Baja;0;-1;7210;-1
1313;49;F;1;1;Baja;0;-1;-1;-1
2547;65;M;1;1;Baja;0;-1;7238;-1
129;54;M;0;0;Baja;0;-1;5281;-1
1680;55;F;1;1;Baja;0;-1;-1;-1
635;43;M;1;1;Media;0;-1;5679;-1
1111;37;F;1;1;Baja;0;291;6046;-1
1651;42;M;0;1;Media;0;-1;6482;-1
1845;61;F;1;1;Baja;0;-1;-1;-1
271;31;M;1;1;Baja;0;-1;5388;-1
1636;55;F;1;1;Baja;0;-1;6470;-1
740;58;M;0;1;Media;0;-1;5762;-1
348;45;M;1;1;Baja;0;-1;5450;-1
890;32;F;0;1;Media;0;1180;5882;-1
99;50;M;1;1;Baja;0;-1;5257;-1
302;62;F;0;1;Baja;0;-1;-1;-1
680;-1;M;0;0;Baja;0;1826;-1;-1
1056;-1;F;0;0;Baja;0;2641;-1;-1
344;27;F;0;1;Baja;0;-1;5447;-1
2121;-1;M;0;0;Baja;0;-1;6876;-1
484;64;F;0;1;Baja;0;-1;5556;-1
474;45;F;0;1;Baja;0;-1;5549;-1
376;33;F;1;1;Baja;0;-1;5471;-1
1879;37;M;1;1;Media;0;-1;6675;-1
1123;26;F;0;1;Media;0;-1;6055;-1
2334;29;M;1;1;Media;0;-1;7062;-1
2134;33;F;1;1;Baja;0;-1;6888;-1
1950;35;F;1;1;Baja;0;-1;6730;-1
1516;73;M;0;1;Media;0;-1;-1;-1
483;26;F;0;1;Baja;0;-1;-1;-1
861;59;M;0;0;Baja;0;-1;5856;-1
2189;-1;M;0;0;Baja;0;-1;6933;-1
2193;73;M;0;1;Baja;0;-1;6936;-1
1353;56;F;0;1;Baja;0;-1;-1;-1
1525;24;M;1;1;Baja;0;-1;6371;-1
56;-1;M;0;0;Baja;0;-1;5223;-1
873;37;M;0;1;Media;0;-1;5868;-1
572;42;F;0;1;Baja;0;-1;5631;-1
1200;53;M;0;1;Baja;0;-1;6121;-1
2141;33;M;1;1;Media;0;-1;6894;-1
134;32;M;0;1;Media;0;-1;5286;-1
355;56;F;0;0;Baja;0;-1;-1;-1
1270;29;F;1;1;Baja;0;-1;6177;-1
1797;36;F;1;1;Baja;0;-1;6605;-1
809;36;M;1;1;Baja;0;-1;5814;-1
325;58;F;1;1;Baja;0;-1;5430;-1
983;68;M;0;0;Baja;0;-1;-1;-1
1852;32;M;0;1;Media;0;-1;6652;-1
2436;25;F;1;1;Baja;0;-1;7147;-1
415;32;F;1;1;Baja;0;-1;5502;-1
31;32;F;1;1;Media;0;-1;5200;-1
1985;55;F;0;1;Baja;0;-1;6758;-1
469;51;M;0;0;Baja;0;-1;5544;-1
158;42;M;1;1;Baja;0;-1;-1;-1
2514;38;M;1;1;Baja;0;-1;7208;-1
961;31;M;1;1;Alta;0;-1;5937;-1
1663;24;F;1;1;Media;0;-1;6491;-1
231;-1;F;0;1;Baja;0;-1;5358;-1
467;37;F;1;1;Media;0;-1;5542;-1
1047;80;M;0;0;Baja;0;-1;-1;-1
1812;-1;M;0;0;Baja;0;1989;-1;-1
2561;47;M;1;1;Baja;0;-1;7250;-1
589;39;M;0;1;Baja;0;-1;5645;-1
1003;-1;M;0;0;Baja;0;-1;5969;-1
2047;-1;F;0;0;Baja;0;1657;-1;-1
461;38;M;1;1;Baja;0;-1;5537;-1
2435;47;F;1;1;Baja;0;-1;7146;-1
388;29;M;1;1;Alta;0;-1;5481;-1
1406;32;F;0;1;Baja;0;-1;-1;-1
1337;46;F;1;1;Baja;0;2575;6230;-1
27;46;M;0;1;Media;0;-1;5197;-1
1504;50;M;1;1;Media;0;-1;6354;-1
1714;75;F;0;0;Media;0;-1;-1;-1
792;57;M;0;1;Media;0;-1;-1;-1
839;44;M;0;0;Baja;0;-1;-1;-1
1669;42;M;1;1;Baja;0;-1;6497;-1
1170;26;M;1;1;Alta;0;-1;6098;-1
1732;33;F;1;1;Baja;0;-1;6544;-1
220;34;M;0;1;Baja;0;-1;5349;-1
1196;37;M;1;1;Alta;0;1591;6117;-1
1182;44;F;0;1;Baja;0;-1;6106;-1
1924;68;M;0;0;Media;0;-1;-1;-1
2491;28;M;1;1;Alta;0;-1;7191;-1
1149;41;F;0;1;Baja;0;2723;-1;-1
1440;38;M;0;1;Baja;0;-1;6303;-1
2566;-1;M;0;0;Baja;0;-1;7255;-1
1091;57;M;1;1;Media;0;-1;-1;-1
1357;30;F;1;1;Baja;0;-1;6247;-1
210;36;M;1;1;Baja;0;-1;-1;-1
1973;29;F;1;1;Baja;0;-1;6750;-1
1201;-1;F;0;1;Media;0;-1;6122;-1
1060;41;M;1;1;Media;0;-1;6011;-1
791;42;M;1;1;Alta;0;-1;5798;-1
1532;31;M;0;1;Baja;0;-1;6377;-1
15;42;F;1;1;Baja;0;232;5186;-1
1415;46;M;1;1;Alta;0;-1;6285;-1
2315;32;M;1;1;Baja;0;-1;7045;-1
2342;46;F;1;1;Media;0;-1;7069;-1
96;36;M;1;1;Baja;0;-1;5254;-1
774;33;F;1;1;Baja;0;-1;5787;-1
892;38;F;1;1;Baja;0;-1;5884;-1
454;33;M;1;1;Baja;0;-1;5530;-1
23;44;F;0;0;Baja;0;2537;5193;-1
2275;33;M;1;1;Baja;0;-1;7006;-1
1325;32;M;0;1;Baja;0;-1;6221;-1
2067;34;M;1;1;Media;0;-1;6827;-1
1361;35;F;1;1;Baja;0;-1;6251;-1
1488;50;M;0;1;Baja;0;-1;-1;-1
2129;40;M;1;1;Baja;0;-1;6884;-1
1728;-1;F;1;1;Baja;0;-1;-1;-1
2212;56;M;1;1;Baja;0;-1;6952;-1
1913;-1;M;0;0;Baja;0;-1;6702;-1
534;35;F;0;1;Baja;0;-1;5596;-1
1615;37;M;0;0;Baja;0;-1;6452;-1
1146;37;F;1;1;Media;0;-1;6075;-1
259;37;F;1;1;Media;0;-1;5379;-1
2203;46;F;1;1;Baja;0;-1;6944;-1
1059;-1;F;0;0;Baja;0;2643;-1;-1
1546;29;F;1;1;Baja;0;-1;6388;-1
1747;44;M;1;1;Baja;0;-1;6557;-1
2456;36;F;1;1;Baja;0;-1;7163;-1
180;38;M;0;0;Baja;0;-1;-1;-1
906;34;M;1;1;Baja;0;-1;5896;-1
521;31;F;0;1;Baja;0;-1;5586;-1
858;30;F;1;1;Baja;0;-1;-1;-1
462;38;M;0;1;Baja;0;-1;-1;-1
1215;59;F;0;0;Baja;0;700;6135;-1
2523;35;M;1;1;Baja;0;-1;7216;-1
847;35;M;1;1;Baja;0;-1;5845;-1
1031;32;M;1;1;Media;0;-1;5990;-1
164;45;M;0;1;Baja;0;-1;5308;-1
713;-1;F;0;0;Baja;0;1561;-1;-1
1923;48;M;1;1;Baja;0;-1;6709;-1
2330;28;F;1;1;Baja;0;-1;7058;-1
463;32;F;1;1;Baja;0;-1;5538;-1
1296;37;F;1;1;Media;0;-1;-1;-1
81;42;M;1;0;Baja;0;-1;-1;-1
2461;50;F;0;0;Baja;0;-1;7167;-1
875;91;M;1;0;Media;0;-1;5870;-1
391;31;F;1;1;Baja;0;-1;5484;-1
1409;38;M;0;1;Media;0;-1;-1;-1
2207;43;F;0;1;Baja;0;-1;6948;-1
2377;31;F;1;1;Baja;0;-1;7098;-1
122;45;M;0;0;Baja;0;-1;5276;-1
319;51;M;1;1;Baja;0;-1;5425;-1
2168;29;F;1;1;Baja;0;-1;6916;-1
2327;34;M;1;1;Baja;0;-1;7056;-1
747;58;M;0;1;Baja;0;-1;5765;-1
1373;26;F;0;1;Media;0;-1;-1;-1
456;36;F;1;1;Media;0;-1;5532;-1
1513;-1;F;0;0;Baja;0;-1;6363;-1
2130;33;M;1;1;Alta;0;-1;-1;-1
260;58;M;0;1;Baja;0;-1;5380;-1
1752;39;F;0;1;Baja;0;-1;6562;-1
836;34;M;1;1;Alta;0;-1;5836;-1
1965;38;M;1;1;Baja;0;-1;6744;-1
2403;58;M;1;1;Alta;0;-1;-1;-1
297;29;F;1;1;Media;0;-1;-1;-1
385;-1;M;0;0;Baja;0;-1;5478;-1
2444;51;M;0;1;Baja;0;-1;7154;-1
1418;50;F;0;1;Baja;0;-1;6288;-1
171;62;F;0;0;Baja;0;-1;-1;-1
1119;45;F;0;0;Baja;0;2409;6052;-1
501;50;M;1;1;Baja;0;-1;5570;-1
630;55;F;0;0;Baja;0;2572;-1;-1
2174;34;M;1;1;Baja;0;-1;6921;-1
1401;-1;M;0;0;Baja;0;1987;-1;-1
611;44;M;1;1;Baja;0;-1;5663;-1
651;37;F;1;1;Baja;0;-1;5692;-1
2181;35;M;1;1;Baja;0;-1;6926;-1
295;38;F;1;1;Baja;0;-1;5409;-1
2038;-1;M;1;1;Baja;0;-1;6802;-1
784;44;M;0;1;Baja;0;-1;-1;-1
1112;32;F;1;1;Baja;0;-1;6047;-1
1173;35;F;1;1;Baja;0;-1;6101;-1
93;35;F;1;1;Baja;0;-1;5251;-1
1801;-1;M;0;0;Baja;0;-1;6608;-1
790;24;F;1;1;Baja;0;-1;-1;-1
1127;-1;M;0;0;Baja;0;1825;-1;-1
569;27;M;1;1;Alta;0;-1;-1;-1
1177;59;M;1;1;Media;0;-1;-1;-1
2057;41;M;1;1;Baja;0;-1;6817;-1
94;28;M;0;1;Baja;0;-1;5252;-1
2322;44;F;1;1;Media;0;-1;7051;-1
2548;49;M;1;1;Baja;0;-1;7239;-1
633;46;F;1;1;Baja;0;-1;5677;-1
1817;70;M;1;1;Baja;0;-1;6622;-1
274;32;F;1;1;Baja;0;-1;-1;-1
2309;37;F;0;1;Baja;0;-1;7039;-1
66;55;F;0;0;Baja;0;-1;-1;-1
2116;68;M;0;0;Baja;0;-1;6872;-1
998;33;F;0;1;Baja;0;-1;-1;-1
1264;51;F;0;0;Baja;0;-1;6174;-1
41;36;M;1;1;Baja;0;-1;5209;-1
707;-1;F;0;0;Baja;0;1993;-1;-1
1769;27;M;1;1;Media;0;-1;6578;-1
1775;42;M;1;1;Alta;0;-1;6584;-1
1695;-1;M;0;0;Baja;0;-1;6517;-1
1360;28;M;1;1;Media;0;-1;6250;-1
1410;-1;M;1;0;Baja;0;-1;6280;-1
2317;43;M;1;1;Baja;0;-1;7046;-1
296;29;M;1;1;Media;0;-1;5410;-1
423;30;M;0;1;Media;0;-1;5508;-1
2058;31;F;1;1;Baja;0;-1;6818;-1
2543;52;M;0;1;Media;0;-1;7234;-1
1945;40;M;0;1;Baja;0;-1;-1;-1
62;49;M;0;1;Media;0;-1;5228;-1
1517;39;M;0;1;Baja;0;-1;6365;-1
2339;52;F;1;1;Baja;0;-1;7066;-1
243;57;F;1;1;Media;0;-1;5365;-1
2432;45;F;0;1;Baja;0;-1;7144;-1
1155;33;M;1;1;Media;0;-1;6083;-1
1761;66;M;1;1;Baja;0;-1;6571;-1
2025;38;M;1;1;Media;0;-1;6791;-1
1521;-1;M;0;0;Baja;0;-1;6369;-1
382;31;M;1;1;Baja;0;-1;5476;-1
755;51;F;0;1;Baja;0;2180;5772;-1
1168;47;F;0;1;Baja;0;-1;6096;-1
172;42;F;0;1;Baja;0;-1;5313;-1
877;34;M;1;1;Baja;0;-1;5872;-1
1073;49;F;0;1;Baja;0;-1;6020;-1
1729;37;F;1;1;Baja;0;-1;6541;-1
2021;73;M;1;1;Baja;0;-1;6787;-1
671;39;M;1;1;Baja;0;-1;5707;-1
57;45;M;0;0;Baja;0;-1;5224;-1
749;31;F;0;1;Baja;0;-1;5766;-1
842;43;M;1;1;Baja;0;-1;5840;-1
1880;45;M;0;0;Baja;0;-1;6676;-1
2041;-1;F;0;1;Baja;0;-1;6805;-1
2460;35;F;1;1;Baja;0;-1;7166;-1
2094;42;M;0;1;Baja;0;-1;6852;-1
431;59;F;0;0;Baja;0;-1;5513;-1
1697;66;F;1;0;Baja;0;-1;6519;-1
2117;-1;F;0;0;Baja;0;2391;-1;-1
1159;41;F;1;1;Baja;0;908;6087;-1
2000;44;F;1;1;Baja;0;-1;6770;-1
1963;52;F;0;0;Media;0;-1;-1;-1
993;-1;M;0;0;Baja;0;-1;5961;-1
2419;42;M;1;1;Media;0;-1;-1;-1
1455;39;F;1;1;Baja;0;-1;6316;-1
1335;38;M;1;1;Baja;0;-1;6228;-1
69;24;F;1;1;Baja;0;-1;5231;-1
113;40;F;1;1;Baja;0;-1;5267;-1
1670;-1;F;0;0;Baja;0;1562;-1;-1
2167;34;F;1;1;Baja;0;-1;6915;-1
2510;54;F;1;0;Baja;0;-1;-1;-1
418;38;F;1;1;Baja;0;-1;5504;-1
1104;39;M;1;1;Alta;0;-1;6041;-1
1536;35;F;1;1;Media;0;-1;6381;-1
1922;26;F;1;1;Baja;0;-1;6708;-1
2457;27;F;1;1;Baja;0;-1;7164;-1
308;38;M;1;1;Baja;0;-1;5418;-1
1608;-1;M;0;1;Baja;0;-1;6445;-1
646;-1;F;0;0;Baja;0;1354;5689;-1
394;57;F;0;0;Baja;0;-1;5487;-1
2240;43;F;1;1;Baja;0;-1;6976;-1
987;48;F;1;1;Baja;0;-1;5956;-1
2001;30;F;1;1;Baja;0;-1;6771;-1
1524;67;F;1;1;Baja;0;-1;-1;-1
1890;34;F;1;1;Baja;0;-1;6685;-1
553;30;M;1;1;Media;0;-1;5614;-1
2404;61;F;0;1;Media;0;-1;7121;-1
330;47;F;0;1;Baja;0;1791;5435;-1
1971;29;F;1;1;Media;0;-1;6749;-1
151;42;F;1;1;Media;0;-1;5298;-1
1248;45;F;0;1;Baja;0;-1;6162;-1
1885;29;M;1;1;Media;0;2173;6680;-1
1002;69;F;0;1;Media;0;1245;5968;-1
405;25;M;0;1;Media;0;-1;5494;-1
1927;58;F;1;1;Baja;0;-1;6712;-1
489;25;M;0;1;Media;0;-1;-1;-1
994;48;M;1;1;Media;0;-1;5962;-1
1844;30;F;1;1;Media;0;-1;6647;-1
479;36;F;1;1;Media;0;-1;5553;-1
1975;38;M;1;1;Alta;0;-1;6751;-1
1465;59;F;0;1;Baja;0;2446;-1;-1
1379;46;M;1;1;Baja;0;-1;6263;-1
478;50;M;0;1;Media;0;-1;-1;-1
845;34;F;1;1;Baja;0;-1;5843;-1
1586;44;F;1;1;Media;0;-1;6425;-1
2077;29;F;1;1;Baja;0;-1;6837;-1
882;48;F;1;1;Baja;0;-1;5874;-1
2229;32;M;0;1;Baja;0;-1;-1;-1
37;23;F;1;1;Media;0;-1;5205;-1
862;30;F;1;1;Media;0;-1;5857;-1
2349;62;M;0;0;Baja;0;-1;7075;-1
1819;45;F;1;1;Media;0;-1;6624;-1
2344;-1;F;0;0;Baja;0;1567;-1;-1
98;47;F;0;0;Baja;0;-1;5256;-1
722;57;F;0;1;Baja;0;-1;5747;-1
2502;44;F;0;1;Baja;0;-1;7200;-1
371;48;M;1;1;Baja;0;-1;-1;-1
1191;39;M;0;1;Baja;0;-1;6112;-1
1773;37;M;1;1;Baja;0;-1;6582;-1
1709;33;M;1;1;Baja;0;-1;6528;-1
2159;48;F;0;1;Baja;0;-1;6910;-1
2132;32;M;1;1;Baja;0;-1;6886;-1
2248;43;F;1;1;Media;0;-1;6983;-1
369;54;M;0;0;Baja;0;-1;5465;-1
2550;42;M;0;1;Media;0;-1;7241;-1
2052;-1;M;0;0;Baja;0;2048;-1;-1
2448;40;M;1;1;Baja;0;-1;7158;-1
18;47;F;1;1;Baja;0;-1;5188;-1
294;-1;M;0;0;Baja;0;-1;5408;-1
1004;35;M;1;1;Media;0;-1;5970;-1
45;45;F;0;1;Baja;0;-1;5213;-1
1610;63;F;1;1;Alta;0;-1;6447;-1
1629;32;F;1;1;Baja;0;-1;6464;-1
1725;32;M;1;1;Baja;0;-1;6538;-1
2530;69;M;1;1;Media;0;-1;7223;-1
112;34;F;1;1;Alta;0;-1;-1;-1
2490;54;M;0;1;Baja;0;-1;7190;-1
590;59;M;0;1;Baja;0;-1;5646;-1
1956;31;F;0;1;Baja;0;-1;6736;-1
2479;46;M;1;1;Baja;0;-1;7180;-1
766;38;F;1;1;Baja;0;-1;5782;-1
2107;35;M;1;1;Baja;0;-1;6864;-1
2371;25;F;0;1;Baja;0;-1;-1;-1
194;59;M;0;1;Baja;0;-1;-1;-1
1194;31;M;1;1;Baja;0;-1;6115;-1
1839;38;M;1;1;Baja;0;-1;6642;-1
343;32;M;1;1;Baja;0;-1;5446;-1
970;40;F;1;1;Baja;0;-1;-1;-1
1178;44;F;1;1;Baja;0;-1;6103;-1
2533;59;F;1;1;Baja;0;-1;-1;-1
510;45;M;1;1;Baja;0;-1;5577;-1
757;42;M;1;1;Alta;0;-1;5774;-1
2374;-1;M;1;1;Media;0;-1;7095;-1
1338;47;M;0;1;Alta;0;-1;6231;-1
119;56;M;0;0;Baja;0;-1;5273;-1
375;30;F;1;1;Baja;0;-1;5470;-1
1717;39;F;1;1;Baja;0;-1;6533;-1
641;42;M;1;1;Media;0;-1;5685;-1
642;-1;F;0;0;Baja;0;1974;5686;-1
1987;36;F;1;1;Baja;0;-1;6760;-1
1859;30;M;1;1;Media;0;-1;6657;-1
1891;52;M;0;1;Baja;0;-1;6686;-1
304;47;F;0;0;Baja;0;-1;5416;-1
1599;40;M;1;1;Media;0;-1;6437;-1
252;48;F;0;0;Baja;0;-1;5373;-1
1176;58;F;0;0;Baja;0;28;-1;-1
1255;37;M;0;1;Baja;0;-1;6168;-1
1258;42;F;0;0;Baja;0;-1;6170;-1
2499;45;M;1;1;Baja;0;-1;7197;-1
2152;61;M;1;0;Baja;0;-1;-1;-1
778;-1;F;0;1;Baja;0;-1;5790;-1
984;26;F;1;1;Media;0;-1;5953;-1
1563;46;M;0;1;Baja;0;677;6404;-1
170;46;M;0;0;Baja;0;-1;-1;-1
193;-1;M;0;1;Baja;0;-1;-1;-1
578;30;F;1;1;Baja;0;-1;5637;-1
1996;29;F;1;1;Baja;0;-1;6767;-1
1453;29;F;1;1;Baja;0;-1;6314;-1
2078;45;M;1;1;Baja;0;-1;6838;-1
2080;27;F;0;1;Media;0;-1;-1;-1
1846;26;F;1;1;Media;0;-1;6648;-1
703;43;M;1;1;Baja;0;-1;5733;-1
1582;61;F;1;1;Baja;0;-1;6421;-1
1356;25;M;1;1;Media;0;-1;6246;-1
114;65;F;0;0;Baja;0;-1;5268;-1
941;41;F;0;1;Baja;0;-1;5921;-1
996;37;F;1;1;Baja;0;-1;5964;-1
1803;38;M;1;1;Baja;0;-1;6610;-1
1135;55;F;0;1;Baja;0;-1;6066;-1
1088;27;M;1;1;Media;0;-1;6031;-1
1493;50;F;1;1;Baja;0;-1;-1;-1
1395;39;M;1;1;Media;0;-1;-1;-1
878;-1;F;0;0;Media;0;-1;-1;-1
1428;50;F;1;1;Baja;0;-1;6296;-1
1443;27;M;1;1;Baja;0;-1;6306;-1
1408;51;F;0;1;Baja;0;-1;-1;-1
2043;37;F;1;1;Baja;0;-1;6807;-1
2020;44;M;1;1;Baja;0;-1;6786;-1
853;33;M;1;1;Baja;0;-1;5850;-1
2470;46;M;1;1;Baja;0;-1;7175;-1
962;34;M;1;1;Media;0;-1;5938;-1
1411;36;M;1;1;Baja;0;-1;6281;-1
2462;28;F;1;1;Media;0;-1;7168;-1
1039;-1;F;0;0;Baja;0;-1;5996;-1
2484;27;F;1;1;Baja;0;-1;7184;-1
850;31;F;0;1;Baja;0;-1;5848;-1
621;46;M;0;1;Media;0;-1;5671;-1
2399;33;M;0;1;Baja;0;-1;7117;-1
1511;33;M;1;1;Baja;0;-1;6361;-1
34;45;F;0;0;Baja;0;-1;-1;-1
2424;39;F;0;0;Baja;0;-1;-1;-1
834;56;M;1;1;Baja;0;-1;-1;-1
649;34;F;1;1;Baja;0;-1;5691;-1
1396;55;M;1;1;Baja;0;-1;6275;-1
1181;47;F;0;1;Baja;0;-1;6105;-1
1540;22;F;1;1;Baja;0;-1;-1;-1
277;47;M;0;1;Baja;0;-1;5393;-1
1459;24;M;0;1;Media;0;-1;-1;-1
1278;53;M;1;0;Baja;0;-1;-1;-1
2402;-1;F;0;1;Baja;0;-1;7120;-1
689;49;M;0;1;Baja;0;-1;5722;-1
2447;47;M;0;1;Baja;0;-1;7157;-1
1165;26;M;1;1;Alta;0;-1;6093;-1
1249;28;M;1;1;Alta;0;-1;6163;-1
1318;79;M;0;1;Media;0;-1;6214;-1
1749;26;M;1;1;Media;0;-1;6559;-1
1961;45;M;0;1;Media;0;-1;6741;-1
398;55;F;0;0;Baja;0;2493;-1;-1
1756;32;F;1;1;Baja;0;-1;6566;-1
2289;33;M;0;1;Baja;0;-1;7020;-1
1800;43;F;0;1;Baja;0;-1;-1;-1
816;29;F;1;1;Media;0;-1;5821;-1
1486;33;F;1;1;Media;0;-1;6339;-1
409;29;M;1;1;Media;0;-1;5498;-1
1617;41;F;1;1;Media;0;-1;6454;-1
2109;35;F;1;1;Baja;0;290;6866;-1
2223;40;M;1;1;Baja;0;-1;6962;-1
428;54;M;0;0;Baja;0;-1;-1;-1
1561;26;M;1;1;Baja;0;-1;6402;-1
934;31;M;1;1;Baja;0;-1;-1;-1
723;64;M;1;1;Baja;0;-1;5748;-1
2551;41;F;0;1;Baja;0;-1;7242;-1
1234;31;F;1;1;Baja;0;-1;6151;-1
1481;25;F;1;1;Media;0;-1;6335;-1
128;-1;F;0;0;Baja;0;1574;-1;-1
1478;40;F;1;1;Baja;0;-1;6332;-1
1990;30;M;1;1;Alta;0;-1;6762;-1
2422;48;F;0;0;Baja;0;-1;7136;-1
613;33;M;1;1;Baja;0;-1;5665;-1
1873;22;M;1;1;Media;0;-1;-1;-1
2453;66;M;0;0;Media;0;-1;-1;-1
281;57;F;1;1;Baja;0;-1;-1;-1
2071;42;F;0;1;Baja;0;-1;6831;-1
233;58;M;1;1;Media;0;-1;-1;-1
444;65;F;1;1;Media;0;-1;5522;-1
1828;37;F;1;1;Media;0;-1;6632;-1
2191;-1;F;0;0;Baja;0;691;-1;-1
1385;28;F;0;1;Media;0;-1;6268;-1
1505;32;M;1;1;Media;0;-1;6355;-1
2324;32;F;1;1;Baja;0;-1;7053;-1
95;59;M;0;1;Baja;0;-1;5253;-1
535;56;F;0;1;Baja;0;-1;5597;-1
2242;35;F;1;1;Baja;0;-1;6978;-1
401;49;M;0;1;Baja;0;-1;-1;-1
1089;43;M;0;1;Baja;0;-1;6032;-1
1078;58;F;0;1;Baja;0;-1;-1;-1
494;50;F;1;1;Baja;0;-1;5564;-1
364;40;M;1;1;Baja;0;-1;5461;-1
2438;69;F;1;1;Baja;0;-1;-1;-1
2521;25;M;1;1;Alta;0;-1;-1;-1
857;58;M;1;1;Baja;0;-1;5853;-1
1305;36;M;1;1;Baja;0;-1;6204;-1
2126;31;M;1;1;Media;0;-1;6881;-1
1188;-1;F;0;0;Baja;0;2615;-1;-1
1789;32;F;1;1;Baja;0;-1;6598;-1
347;60;M;0;0;Baja;0;-1;-1;-1
1479;-1;M;0;0;Baja;0;-1;6333;-1
764;59;F;1;1;Media;0;-1;5780;-1
928;66;M;1;1;Baja;0;-1;5913;-1
199;40;F;1;1;Baja;0;-1;5333;-1
1631;31;M;1;1;Baja;0;-1;6466;-1
1673;49;M;0;1;Baja;0;-1;6500;-1
1083;31;F;1;1;Media;0;-1;6027;-1
267;31;M;1;1;Alta;0;-1;-1;-1
2273;32;F;1;1;Media;0;-1;7004;-1
1771;27;M;1;1;Baja;0;-1;6580;-1
1552;27;F;1;1;Alta;0;-1;6393;-1
718;28;M;1;1;Media;0;-1;5743;-1
1736;43;M;0;0;Media;0;-1;6548;-1
346;32;F;1;1;Baja;0;-1;5449;-1
39;-1;F;0;0;Baja;0;-1;5207;-1
561;56;F;1;1;Media;0;-1;5621;-1
1334;36;M;0;0;Baja;0;-1;-1;-1
400;52;M;0;1;Baja;0;-1;5491;-1
1359;30;F;1;1;Alta;0;-1;6249;-1
919;36;F;1;1;Baja;0;-1;5905;-1
412;30;M;1;1;Media;0;-1;5500;-1
876;72;M;1;0;Baja;0;-1;5871;-1
1048;44;M;1;1;Media;0;-1;6002;-1
2559;30;F;0;1;Baja;0;-1;7249;-1
2268;37;M;1;1;Baja;0;-1;6999;-1
1006;29;F;1;1;Media;0;-1;5972;-1
2006;-1;M;0;0;Baja;0;-1;6775;-1
775;-1;F;0;0;Baja;0;1359;-1;-1
598;38;M;1;1;Baja;0;-1;-1;-1
516;-1;M;0;1;Baja;0;-1;5582;-1
1151;40;F;1;1;Media;0;-1;6079;-1
2409;38;M;0;1;Baja;0;1950;-1;-1
849;30;M;1;1;Media;0;-1;5847;-1
32;-1;M;1;1;Baja;0;2500;5201;-1
2158;35;M;1;1;Baja;0;-1;6909;-1
2205;56;F;1;1;Media;0;-1;6946;-1
187;45;F;0;0;Baja;0;2475;5325;-1
441;32;M;1;1;Baja;0;-1;5520;-1
606;32;M;1;1;Baja;0;-1;5658;-1
712;58;M;1;1;Baja;0;-1;5738;-1
2217;-1;M;1;1;Baja;0;-1;6957;-1
1983;36;M;1;1;Baja;0;2222;-1;-1
2153;40;F;1;1;Baja;0;-1;6905;-1
2024;35;M;0;1;Baja;0;2044;6790;-1
2508;50;F;1;1;Baja;0;-1;7205;-1
167;34;F;1;1;Baja;0;-1;5311;-1
2360;24;M;1;1;Alta;0;-1;7083;-1
1538;29;F;1;1;Baja;0;-1;6383;-1
2209;-1;M;0;0;Media;0;2394;-1;-1
2323;42;F;1;1;Baja;0;-1;7052;-1
802;43;M;0;1;Baja;0;-1;5807;-1
63;68;F;0;1;Media;0;-1;-1;-1
279;26;M;1;1;Baja;0;-1;5395;-1
399;24;F;1;1;Media;0;-1;5490;-1
1560;36;F;1;1;Media;0;-1;6401;-1
3;59;F;0;0;Baja;0;60;5174;-1
1821;-1;M;1;1;Baja;0;-1;6626;-1
149;47;F;1;1;Media;0;-1;-1;-1
1559;71;M;1;1;Baja;0;-1;6400;-1
1690;46;M;1;1;Baja;0;-1;-1;-1
1213;45;F;0;1;Baja;0;-1;6133;-1
2061;-1;M;0;0;Baja;0;-1;6821;-1
192;27;F;1;1;Media;0;-1;5329;-1
163;26;M;1;1;Alta;0;-1;5307;-1
1567;46;M;1;1;Baja;0;-1;6407;-1
2046;25;M;1;1;Baja;0;-1;6810;-1
771;58;M;0;1;Baja;0;-1;5786;-1
1358;54;M;1;1;Baja;0;-1;6248;-1
579;56;F;0;1;Media;0;-1;5638;-1
939;44;F;1;1;Baja;0;-1;5920;-1
1433;44;M;0;1;Baja;0;-1;6299;-1
1899;27;F;1;1;Baja;0;-1;6693;-1
351;39;F;0;1;Baja;0;-1;5452;-1
451;28;M;1;1;Alta;0;-1;5528;-1
672;29;M;1;1;Baja;0;-1;5708;-1
1137;43;M;0;1;Baja;0;-1;6068;-1
726;26;F;1;1;Baja;0;-1;-1;-1
1581;29;M;1;1;Media;0;-1;6420;-1
1720;29;M;1;1;Media;0;-1;6535;-1
1941;31;F;1;1;Media;0;-1;6724;-1
2420;48;F;1;1;Baja;0;-1;7134;-1
2100;-1;F;0;1;Baja;0;-1;6858;-1
826;46;F;0;1;Baja;0;-1;5828;-1
2303;50;F;1;1;Baja;0;-1;7033;-1
1370;57;F;1;1;Baja;0;-1;6258;-1
312;25;F;1;1;Baja;0;-1;5421;-1
136;28;F;1;1;Baja;0;-1;5288;-1
1252;34;F;1;1;Baja;0;-1;6165;-1
838;47;M;0;1;Media;0;-1;-1;-1
1737;27;M;1;1;Media;0;-1;6549;-1
1315;37;F;1;1;Media;0;-1;6211;-1
1424;25;F;1;1;Media;0;-1;6293;-1
2540;28;M;1;1;Media;0;2625;7232;-1
1993;-1;M;1;1;Baja;0;-1;6764;-1
1964;41;M;1;1;Baja;0;-1;6743;-1
1590;45;M;1;1;Baja;0;-1;6428;-1
269;-1;F;0;0;Baja;0;-1;5386;-1
1286;53;M;1;1;Baja;0;-1;6190;-1
2259;28;F;1;1;Baja;0;1594;6990;-1
88;44;M;0;1;Baja;0;-1;5247;-1
1466;40;F;1;1;Baja;0;-1;6323;-1
2487;46;F;0;1;Media;0;-1;7187;-1
2425;33;M;1;1;Media;0;-1;7138;-1
362;28;F;1;1;Baja;0;-1;5459;-1
728;-1;F;0;0;Baja;0;-1;5752;-1
2446;29;M;1;1;Baja;0;-1;7156;-1
1548;29;F;1;1;Media;0;-1;6390;-1
2515;36;M;0;1;Baja;0;-1;7209;-1
936;77;M;0;1;Baja;0;-1;-1;-1
1719;29;M;1;1;Alta;0;-1;6534;-1
2501;46;M;1;1;Media;0;-1;7199;-1
377;42;M;0;1;Baja;0;-1;-1;-1
982;37;F;0;1;Baja;0;-1;5952;-1
38;52;M;1;1;Baja;0;-1;5206;-1
168;62;M;0;0;Baja;0;-1;5312;-1
1230;30;M;1;1;Alta;0;-1;6147;-1
1114;38;M;0;1;Baja;0;-1;6048;-1
696;32;F;1;1;Baja;0;-1;5728;-1
232;32;F;0;1;Baja;0;-1;5359;-1
2004;35;F;1;1;Baja;0;-1;6773;-1
430;27;F;0;1;Baja;0;-1;5512;-1
758;47;M;0;1;Baja;0;-1;-1;-1
165;28;F;1;1;Baja;0;-1;5309;-1
1467;30;F;1;1;Media;0;-1;-1;-1
1473;-1;M;0;0;Baja;0;-1;6329;-1
750;46;M;0;1;Baja;0;-1;5767;-1
2357;-1;M;0;0;Baja;0;-1;7082;-1
426;28;M;0;1;Media;0;-1;5510;-1
685;51;M;1;1;Baja;0;-1;5718;-1
2472;44;F;1;1;Media;0;-1;-1;-1
1871;34;F;1;1;Baja;0;-1;6668;-1
301;53;M;0;0;Baja;0;-1;5414;-1
360;51;F;0;1;Media;0;-1;-1;-1
720;30;M;1;1;Baja;0;-1;5745;-1
2488;45;F;1;1;Media;0;-1;7188;-1
198;27;F;1;1;Baja;0;-1;5332;-1
896;64;M;0;0;Baja;0;-1;-1;-1
123;32;M;1;1;Baja;0;-1;5277;-1
1767;-1;F;0;0;Baja;0;2464;-1;-1
690;-1;M;0;0;Baja;0;-1;5723;-1
1366;27;M;1;1;Alta;0;-1;6255;-1
1298;72;M;0;0;Baja;0;-1;-1;-1
1936;46;F;0;0;Baja;0;-1;6720;-1
1483;33;F;1;1;Baja;0;-1;6336;-1
1050;31;M;1;1;Baja;0;-1;6004;-1
1085;28;M;0;1;Alta;0;2526;6029;-1
1587;28;M;1;1;Media;0;-1;6426;-1
699;31;F;1;1;Media;0;-1;5729;-1
560;54;M;1;1;Baja;0;-1;5620;-1
1798;40;M;1;1;Media;0;-1;6606;-1
1187;46;M;0;0;Baja;0;-1;6111;-1
1977;35;M;1;1;Alta;0;-1;6752;-1
2300;41;F;0;1;Baja;0;-1;7030;-1
1557;43;F;1;1;Baja;0;-1;6398;-1
1384;33;M;0;1;Media;0;-1;6267;-1
2175;90;M;0;0;Baja;0;-1;-1;-1
897;-1;M;0;0;Baja;0;-1;5887;-1
2149;-1;M;0;0;Baja;0;-1;6902;-1
472;53;M;0;1;Baja;0;-1;5547;-1
1118;46;M;0;1;Baja;0;-1;6051;-1
796;35;F;0;1;Baja;0;-1;5801;-1
989;43;M;1;1;Baja;0;-1;5958;-1
2222;-1;M;1;1;Baja;0;-1;6961;-1
2338;43;F;0;1;Baja;0;-1;7065;-1
224;48;M;0;0;Baja;0;-1;-1;-1
2529;71;M;1;1;Media;0;-1;7222;-1
2198;57;F;0;0;Baja;0;96;-1;-1
2224;34;F;0;1;Baja;0;-1;6963;-1
2441;29;M;1;1;Alta;0;-1;7151;-1
2293;39;M;1;1;Baja;0;-1;7024;-1
1918;-1;M;0;0;Baja;0;-1;6705;-1
786;-1;F;0;0;Baja;0;1330;-1;-1
1869;33;F;1;1;Baja;0;-1;6666;-1
2131;37;M;1;1;Baja;0;-1;6885;-1
1217;32;F;1;1;Baja;0;-1;6137;-1
2526;31;F;1;1;Baja;0;-1;7219;-1
155;46;F;1;1;Baja;0;-1;5302;-1
1246;26;F;1;1;Media;0;-1;6161;-1
953;39;M;0;1;Media;0;-1;5931;-1
2328;61;M;1;1;Media;0;-1;-1;-1
417;39;F;1;1;Baja;0;-1;-1;-1
184;56;F;0;0;Baja;0;-1;5322;-1
2439;42;M;1;1;Media;0;-1;7149;-1
2370;38;M;1;1;Baja;0;-1;7092;-1
60;32;M;1;1;Media;0;-1;5226;-1
772;-1;M;0;0;Baja;0;1317;-1;-1
2474;33;F;1;1;Baja;0;-1;7177;-1
2069;36;M;1;1;Baja;0;-1;6829;-1
1045;53;F;0;1;Media;0;-1;6000;-1
1009;53;F;1;1;Media;0;-1;5974;-1
730;47;F;1;1;Baja;0;-1;5754;-1
22;50;F;0;1;Baja;0;-1;5192;-1
2136;33;M;0;1;Media;0;-1;6890;-1
921;44;M;0;1;Alta;0;1067;5906;-1
1019;37;F;1;1;Baja;0;-1;5981;-1
374;27;F;1;1;Baja;0;-1;5469;-1
785;-1;M;0;1;Baja;0;1874;5795;-1
869;41;M;1;1;Baja;0;-1;5864;-1
1016;60;M;0;1;Baja;0;-1;-1;-1
1829;32;F;1;1;Baja;0;-1;6633;-1
1374;77;M;0;0;Baja;0;-1;-1;-1
2332;31;F;0;1;Baja;0;-1;7060;-1
1730;27;M;1;1;Alta;0;-1;6542;-1
270;32;F;1;1;Baja;0;-1;5387;-1
2085;24;M;0;1;Media;0;-1;6843;11
1733;42;F;1;1;Baja;0;-1;6545;-1
182;34;F;1;1;Baja;0;-1;-1;-1
1380;41;M;1;1;Baja;0;-1;6264;-1
701;60;M;1;1;Baja;0;-1;5731;-1
1471;53;M;0;0;Baja;0;-1;6327;-1
1492;33;F;1;1;Media;0;-1;6344;-1
1026;57;F;1;1;Baja;0;-1;5985;-1
48;-1;F;0;0;Baja;0;-1;5216;-1
1055;42;M;1;1;Baja;0;-1;6009;-1
995;36;M;1;1;Baja;0;-1;5963;-1
20;65;M;0;1;Baja;0;-1;5190;-1
1850;30;F;0;1;Alta;0;-1;6650;-1
2378;-1;M;0;1;Baja;0;-1;7099;-1
2337;51;M;0;0;Media;0;-1;-1;-1
1342;59;F;1;1;Baja;0;-1;6235;-1
702;43;F;1;1;Baja;0;-1;5732;-1
1257;70;F;0;1;Baja;0;-1;6169;-1
891;-1;M;0;0;Baja;0;-1;5883;-1
2180;31;M;1;1;Baja;0;-1;6925;-1
101;26;F;1;1;Baja;0;-1;5259;-1
1627;42;M;1;1;Media;0;-1;6462;-1
1565;28;M;1;1;Baja;0;-1;-1;-1
111;34;F;1;1;Baja;0;-1;5266;-1
1637;28;M;1;1;Media;0;-1;6471;-1
2103;34;F;1;1;Baja;0;-1;6861;-1
733;32;M;1;1;Baja;0;-1;5756;-1
1972;-1;F;0;0;Baja;0;2654;-1;-1
86;-1;M;0;0;Baja;0;2076;-1;-1
1596;43;F;1;1;Media;0;-1;6434;-1
618;52;M;0;0;Baja;0;-1;-1;-1
1336;46;F;0;1;Baja;0;-1;6229;-1
615;51;M;1;1;Media;0;-1;5667;-1
1870;41;F;1;1;Media;0;-1;6667;-1
268;48;F;0;0;Baja;0;-1;5385;-1
1502;59;M;0;0;Media;0;-1;-1;-1
1549;66;M;1;1;Baja;0;-1;6391;-1
2485;38;M;1;1;Baja;0;-1;7185;-1
1227;58;M;1;1;Baja;0;-1;-1;-1
2019;40;M;1;1;Media;0;-1;-1;-1
291;32;F;1;1;Media;0;-1;5405;-1
1153;31;F;1;1;Media;0;-1;6081;-1
1837;36;M;1;1;Alta;0;-1;6640;-1
1020;57;M;0;1;Baja;0;-1;5982;-1
2305;29;M;0;1;Media;0;-1;7035;-1
1685;48;M;0;1;Baja;0;-1;6508;-1
503;32;F;1;1;Baja;0;-1;5572;-1
244;25;F;1;1;Alta;0;-1;5366;-1
323;31;M;1;1;Baja;0;-1;5428;-1
570;32;M;1;1;Alta;0;-1;5629;-1
1225;57;F;0;1;Baja;0;-1;6144;-1
866;54;F;1;1;Media;0;-1;5861;-1
1027;25;F;1;1;Baja;0;-1;5986;-1
2064;43;M;0;0;Baja;0;-1;6824;-1
781;44;M;1;1;Baja;0;-1;5792;-1
1770;56;F;1;1;Baja;0;-1;6579;-1
927;30;M;1;1;Baja;0;-1;5912;-1
1551;46;M;1;1;Alta;0;-1;6392;-1
1570;46;F;1;1;Baja;0;-1;6410;-1
438;52;M;0;0;Baja;0;-1;5518;-1
2097;39;F;0;1;Baja;0;-1;6855;-1
1000;39;M;1;1;Media;0;-1;5966;-1
1946;40;F;0;0;Baja;0;-1;-1;-1
65;48;F;0;1;Baja;0;-1;-1;-1
245;59;F;0;0;Baja;0;-1;-1;-1
2563;82;M;1;1;Alta;0;-1;7252;-1
2553;42;F;0;1;Baja;0;-1;7244;-1
1399;-1;F;0;1;Baja;0;-1;6276;-1
2035;36;F;0;1;Baja;0;-1;6799;-1
1407;42;M;1;1;Baja;0;-1;6279;-1
2040;55;M;0;1;Media;0;-1;6804;-1
2386;32;M;1;1;Baja;0;-1;7107;-1
1222;30;M;1;1;Media;0;-1;6141;-1
1553;52;F;0;1;Baja;0;-1;6394;-1
1835;42;M;1;1;Media;0;-1;6638;-1
1659;34;F;1;1;Baja;0;-1;6490;-1
1650;44;M;0;0;Baja;0;-1;6481;-1
1806;-1;F;0;1;Baja;0;-1;6613;-1
1327;-1;M;0;0;Baja;0;-1;6222;-1
821;44;M;1;1;Media;0;-1;5825;-1
954;28;F;1;1;Baja;0;-1;5932;-1
1287;-1;F;0;1;Baja;0;-1;6191;-1
53;60;M;1;1;Baja;0;-1;5220;-1
741;51;M;1;1;Baja;0;-1;-1;-1
1093;-1;M;0;0;Baja;0;2634;-1;-1
46;51;F;0;1;Baja;0;-1;5214;-1
313;59;M;0;0;Baja;0;-1;-1;-1
820;31;M;1;1;Baja;0;-1;5824;-1
885;33;M;1;1;Baja;0;-1;5877;-1
848;62;M;0;1;Baja;0;-1;5846;-1
1262;55;M;0;0;Baja;0;-1;6172;-1
2390;45;F;0;1;Baja;0;-1;7111;-1
2055;34;M;1;1;Alta;0;-1;6815;-1
2101;35;F;1;1;Media;0;-1;6859;-1
1762;68;M;1;1;Media;0;1270;6572;-1
1676;36;M;1;1;Baja;0;-1;6503;-1
288;43;M;0;1;Baja;0;-1;5402;-1
1071;53;F;0;1;Baja;0;-1;-1;-1
1260;26;M;1;1;Alta;0;-1;6171;-1
2314;44;M;0;1;Baja;0;-1;7044;-1
1403;-1;F;0;0;Baja;0;110;-1;-1
188;30;F;0;1;Media;0;-1;-1;-1
1092;30;F;1;1;Media;0;-1;6034;-1
1404;52;F;0;0;Baja;0;1070;-1;-1
1955;30;F;1;1;Baja;0;-1;6735;-1
2358;70;F;1;1;Baja;0;-1;-1;-1
1297;37;F;0;1;Media;0;-1;6198;-1
76;52;M;1;1;Media;0;-1;5237;-1
665;-1;M;0;0;Baja;0;-1;5703;-1
597;27;F;1;1;Media;0;-1;5652;-1
1477;29;F;0;1;Baja;0;-1;-1;-1
2051;37;M;1;1;Media;0;-1;-1;-1
512;32;F;1;1;Media;0;-1;5579;-1
353;32;M;1;1;Baja;0;-1;5454;-1
1969;34;F;1;1;Baja;0;-1;6747;-1
209;-1;M;0;0;Baja;0;-1;5340;-1
1562;41;F;0;1;Baja;0;-1;6403;-1
1867;30;F;1;1;Baja;0;-1;6664;-1
1295;50;F;1;1;Baja;0;-1;6197;-1
1934;-1;F;0;1;Baja;0;-1;6718;-1
266;53;F;0;0;Baja;0;-1;-1;-1
887;32;F;1;1;Media;0;1939;5879;-1
978;71;F;0;0;Baja;0;-1;-1;-1
831;31;M;0;1;Baja;0;-1;5833;-1
2326;26;M;1;1;Alta;0;-1;7055;-1
1079;-1;F;0;0;Baja;0;2638;-1;-1
2208;-1;M;0;1;Baja;0;-1;6949;-1
389;53;M;1;1;Baja;0;-1;5482;-1
1038;46;F;0;1;Media;0;-1;-1;-1
798;55;F;0;0;Baja;0;-1;5803;-1
2565;32;F;0;1;Baja;0;-1;7254;-1
768;-1;F;0;0;Baja;0;1333;-1;-1
1602;64;M;0;1;Baja;0;-1;6440;-1
1882;46;M;0;0;Baja;0;-1;6678;-1
1904;25;F;1;1;Media;0;-1;-1;-1
2506;41;F;0;1;Baja;0;-1;-1;-1
997;46;M;1;1;Baja;0;-1;5965;-1
1054;-1;M;0;1;Baja;0;-1;6008;-1
1140;44;F;1;1;Baja;0;-1;6069;-1
341;33;M;1;1;Baja;0;-1;-1;-1
448;-1;M;0;0;Baja;0;-1;5526;-1
2188;38;F;1;1;Baja;0;-1;6932;-1
221;26;M;0;1;Media;0;-1;-1;-1
2010;28;F;1;1;Media;0;-1;6779;-1
2538;36;M;0;1;Baja;0;-1;7230;-1
1498;28;M;0;1;Media;0;-1;6349;-1
2030;42;F;1;1;Media;0;-1;6795;-1
328;30;F;1;1;Baja;0;-1;5433;-1
2279;38;F;1;1;Media;0;971;7010;-1
367;62;M;0;1;Alta;0;-1;-1;-1
1254;42;M;0;1;Media;0;1928;6167;-1
1030;52;F;1;1;Baja;0;-1;5989;-1
1128;32;M;1;1;Media;0;-1;6059;-1
1795;38;F;1;1;Alta;0;-1;6604;-1
2176;-1;M;0;0;Baja;0;-1;6922;-1
2408;44;M;1;1;Alta;0;-1;7125;-1
541;31;F;1;1;Baja;0;-1;5603;-1
596;38;F;0;1;Baja;0;-1;5651;-1
145;47;F;0;0;Baja;0;-1;-1;-1
500;52;M;1;1;Baja;0;-1;5569;-1
2247;29;M;1;1;Baja;0;-1;6982;-1
1988;37;F;0;1;Baja;0;-1;6761;-1
404;33;F;0;1;Baja;0;-1;5493;-1
668;35;M;1;1;Baja;0;-1;5706;-1
1363;40;M;1;1;Media;0;-1;6253;-1
1303;43;M;0;1;Baja;0;-1;6203;-1
1649;39;F;0;1;Baja;0;-1;6480;-1
1267;35;F;0;1;Baja;0;-1;-1;-1
1893;29;M;1;1;Alta;0;-1;6688;-1
801;30;M;1;1;Baja;0;-1;5806;-1
433;32;F;1;1;Baja;0;-1;5515;-1
2280;38;M;1;1;Baja;0;-1;7011;-1
2525;-1;M;1;1;Baja;0;-1;7218;-1
2443;30;M;1;1;Media;0;-1;7153;-1
124;34;M;1;1;Baja;0;-1;5278;-1
208;33;M;1;1;Media;0;-1;5339;-1
1436;64;M;1;1;Baja;0;-1;-1;-1
6;37;M;1;1;Baja;0;-1;5177;-1
434;52;M;1;1;Baja;0;-1;-1;-1
1154;26;M;1;1;Media;0;-1;6082;-1
925;53;F;1;1;Media;0;-1;5910;-1
439;53;M;0;1;Baja;0;-1;5519;-1
833;-1;M;0;0;Baja;0;2612;-1;-1
280;40;F;0;1;Baja;0;817;5396;-1
1686;42;M;0;0;Baja;0;-1;6509;-1
1960;57;M;1;1;Baja;0;-1;6740;-1
725;34;F;1;1;Baja;0;-1;5750;-1
2062;31;M;0;1;Baja;0;-1;6822;-1
2307;32;M;1;1;Media;0;-1;7037;-1
146;50;F;0;0;Baja;0;-1;-1;-1
1367;32;F;0;1;Baja;0;-1;6256;-1
173;59;M;0;0;Baja;0;-1;5314;-1
1487;38;F;1;0;Baja;0;-1;6340;-1
1611;48;M;0;1;Baja;0;-1;6448;-1
1208;65;F;0;1;Baja;0;2395;6129;-1
491;38;F;0;1;Baja;0;-1;-1;-1
1494;25;F;1;1;Media;0.2;-1;6345;-1
1661;58;M;0;0;Media;0;-1;-1;-1
780;41;M;1;1;Baja;0;-1;5791;-1
1421;44;F;1;1;Baja;0;-1;6290;-1
2411;45;M;0;1;Baja;0;-1;7127;-1
1609;47;M;0;1;Baja;0;-1;6446;-1
1808;29;F;1;1;Alta;0;-1;6614;-1
2382;43;F;1;1;Media;0;-1;7103;-1
387;33;M;1;1;Baja;0;-1;5480;-1
1701;42;F;0;1;Baja;0;-1;6523;-1
1067;32;F;1;1;Baja;0;-1;6017;-1
175;58;M;0;0;Baja;0;-1;-1;-1
1150;43;F;0;1;Baja;0;-1;6078;-1
1648;51;F;0;1;Media;0;-1;6479;-1
2079;33;M;1;1;Media;0;-1;6839;-1
1100;39;M;1;1;Media;0;-1;6039;-1
1603;38;F;1;1;Media;0;-1;-1;-1
1707;28;M;0;1;Baja;0;-1;-1;-1
1898;30;F;1;1;Baja;0;-1;6692;-1
1232;57;F;1;1;Baja;0;-1;6149;-1
1259;40;M;0;0;Baja;0;-1;-1;-1
1831;-1;M;1;1;Baja;0;1204;-1;-1
1485;32;F;1;1;Baja;0;-1;6338;-1
1515;26;M;1;1;Alta;0;-1;6364;-1
1076;-1;M;0;1;Baja;0;2636;6023;-1
2122;61;F;1;1;Baja;0;-1;6877;-1
1550;27;M;1;1;Baja;0;-1;-1;-1
299;25;M;0;1;Media;0;-1;5412;-1
1920;63;F;1;1;Media;0;-1;-1;-1
1288;38;M;0;1;Baja;0;-1;6192;-1
2433;53;F;0;1;Baja;0;-1;7145;-1
2253;29;F;1;1;Baja;0;-1;6987;-1
1962;27;F;1;1;Media;0;-1;6742;-1
1095;59;F;1;0;Baja;0;-1;-1;-1
52;64;M;1;1;Baja;0;-1;5219;-1
1982;27;F;1;1;Baja;0;-1;6756;-1
276;43;M;1;1;Baja;0;-1;5392;-1
2298;51;F;1;1;Baja;0;-1;7028;-1
354;32;F;1;1;Media;0;-1;-1;-1
673;39;F;0;1;Baja;0;-1;5709;-1
1242;-1;M;0;1;Baja;0;-1;6159;-1
1351;36;F;1;1;Baja;0;-1;6243;-1
2241;39;F;0;1;Baja;0;-1;6977;-1
924;41;F;1;1;Baja;0;-1;5909;-1
804;42;M;1;1;Media;0;-1;5809;-1
2157;29;F;1;1;Media;0;-1;6908;-1
631;41;M;1;1;Baja;0;-1;5676;-1
1080;-1;M;1;1;Baja;0;-1;6025;-1
1346;62;M;0;1;Baja;0;-1;-1;-1
2284;37;M;1;1;Baja;0;-1;7015;-1
1901;37;F;1;1;Baja;0;-1;-1;-1
390;39;M;0;1;Baja;0;936;5483;-1
1847;-1;M;0;1;Baja;0;1805;-1;-1
368;62;M;0;1;Baja;0;-1;5464;-1
968;45;M;0;1;Baja;0;-1;5943;-1
1604;57;M;0;0;Baja;0;-1;6441;-1
899;-1;M;0;1;Baja;0;-1;5889;-1
2555;32;F;1;1;Media;0;-1;7246;-1
396;46;M;1;1;Baja;0;-1;5488;-1
1584;43;F;0;1;Baja;0;-1;6423;-1
1606;34;F;0;1;Baja;0;-1;6443;-1
960;61;F;0;0;Media;0;2644;-1;-1
1989;30;F;1;1;Alta;0;-1;-1;-1
185;45;M;0;1;Baja;0;-1;5323;-1
2437;41;F;0;1;Baja;0;-1;7148;-1
486;42;F;0;1;Media;0;-1;5558;-1
1684;41;F;0;0;Baja;0;-1;-1;-1
818;47;F;0;1;Baja;0;-1;-1;-1
727;70;M;0;1;Baja;0;-1;5751;-1
1949;34;F;1;1;Media;0;-1;6729;-1
1643;32;F;1;1;Baja;0;-1;6475;-1
614;38;F;1;1;Baja;0;-1;5666;-1
339;71;M;1;1;Media;0;-1;5444;-1
350;47;F;0;0;Baja;0;2551;5451;-1
543;25;F;0;1;Media;0;-1;-1;-1
1186;46;M;1;1;Alta;0;-1;6110;-1
162;43;F;0;0;Baja;0;-1;5306;-1
1164;48;M;0;1;Baja;0;-1;6092;-1
1838;43;M;1;1;Alta;0;-1;6641;-1
1886;28;F;1;1;Media;0;593;6681;-1
1614;33;M;1;1;Media;0;-1;6451;-1
1788;-1;M;0;0;Baja;0;-1;6597;-1
1840;38;F;1;1;Media;0;-1;6643;-1
1476;35;F;1;1;Baja;0;-1;6331;-1
2542;42;M;1;1;Media;0;-1;7233;-1
619;60;M;1;1;Baja;0;-1;-1;-1
916;28;F;1;1;Media;0;-1;-1;-1
58;49;F;1;1;Baja;0;-1;5225;-1
1944;79;M;0;1;Baja;0;-1;-1;-1
1183;44;M;0;1;Media;0;-1;6107;-1
2135;49;F;0;1;Baja;0;-1;6889;-1
161;-1;M;1;1;Baja;0;-1;5305;-1
609;52;F;0;0;Media;0;-1;5661;-1
2306;42;F;0;0;Baja;0;-1;7036;-1
51;43;M;0;1;Baja;0;-1;5218;-1
190;63;M;0;1;Baja;0;-1;5327;-1
2545;30;F;1;1;Baja;0;-1;7236;-1
2228;48;M;1;1;Media;0;-1;6967;-1
1388;28;M;1;1;Baja;0;-1;6270;-1
481;28;F;1;1;Baja;0;-1;-1;-1
901;48;M;1;1;Media;0;-1;5891;-1
1507;28;F;1;1;Baja;0;-1;6357;-1
336;28;F;1;1;Media;0;-1;5441;-1
2106;29;F;1;1;Media;0;-1;6863;-1
681;36;M;1;1;Baja;0;-1;5714;-1
926;57;F;0;1;Baja;0;-1;5911;-1
1931;45;F;1;1;Baja;0;-1;-1;-1
592;68;F;0;0;Baja;0;-1;-1;-1
1968;29;M;1;1;Media;0;-1;6746;-1
1040;-1;M;0;0;Baja;0;1373;-1;-1
1953;-1;M;0;0;Baja;0;-1;6733;-1
2466;40;F;1;1;Baja;0;-1;7171;-1
395;54;M;0;1;Baja;0;-1;-1;-1
55;-1;M;1;1;Media;0;192;5222;-1
574;39;F;1;1;Media;0;-1;5633;-1
2269;58;F;1;1;Media;0;-1;7000;-1
2517;53;F;0;1;Baja;0;-1;7211;-1
2415;43;F;1;1;Baja;0;-1;7131;-1
1772;55;F;1;1;Media;0;-1;6581;-1
1202;44;M;0;1;Baja;0;-1;6123;-1
812;28;M;1;1;Media;0;-1;5817;-1
2044;24;M;1;1;Media;0;-1;6808;-1
1099;29;F;1;1;Baja;0;-1;6038;-1
1577;45;F;1;1;Baja;0;-1;6417;-1
1716;50;F;0;1;Baja;0;266;-1;-1
683;-1;M;0;0;Baja;0;-1;5716;-1
2065;38;F;1;1;Media;0;-1;6825;-1
2321;37;F;1;1;Media;0;-1;7050;-1
2049;28;M;1;1;Alta;0;-1;6811;-1
1347;59;F;0;1;Media;0;-1;6239;-1
518;42;M;1;1;Baja;0;-1;5584;-1
278;-1;F;0;0;Baja;0;-1;5394;-1
2163;34;M;1;1;Media;0;2763;-1;-1
283;37;F;1;1;Media;0;-1;5398;-1
1995;40;F;1;1;Baja;0;-1;6766;-1
1874;64;M;1;1;Baja;0;-1;6670;-1
1210;62;M;1;1;Baja;0;-1;6130;-1
1413;46;F;1;1;Media;0;-1;6283;-1
2426;-1;F;0;0;Baja;0;1272;7139;-1
546;39;F;0;1;Media;0;-1;5607;-1
2541;-1;M;0;0;Baja;0;2185;-1;-1
2081;49;M;1;1;Baja;0;-1;6840;-1
2519;40;M;0;1;Media;0;-1;7213;-1
607;53;F;0;1;Baja;0;-1;5659;-1
803;38;M;0;1;Baja;0;-1;5808;-1
1442;45;M;1;1;Baja;0;-1;6305;-1
1705;33;M;1;1;Baja;0;-1;6527;-1
1;39;M;1;1;Baja;0;-1;5172;-1
2311;36;F;0;1;Baja;0;-1;7041;-1
1280;45;F;1;1;Baja;0;-1;6185;-1
1405;46;M;1;1;Media;0;-1;6278;-1
638;40;F;1;1;Baja;0;-1;5682;-1
429;50;F;0;0;Baja;0;2404;-1;-1
1518;-1;M;0;0;Baja;0;-1;6366;-1
1724;44;F;1;1;Baja;0;-1;-1;-1
1281;67;F;0;0;Baja;0;-1;-1;-1
1878;37;F;0;1;Baja;0;-1;6674;-1
581;57;M;0;0;Baja;0;-1;-1;-1
2251;27;M;0;1;Media;0;2766;-1;-1
2239;43;F;0;1;Baja;0;-1;6975;-1
137;37;M;1;1;Baja;0;-1;5289;-1
756;28;M;1;1;Baja;0;-1;5773;-1
538;28;M;1;1;Alta;0;-1;5600;-1
717;35;M;1;1;Media;0;-1;5742;-1
2265;42;M;1;0;Alta;0;-1;6996;-1
2351;50;M;0;0;Baja;0;-1;7077;-1
492;51;M;0;0;Baja;0;-1;5562;-1
898;34;F;0;1;Baja;0;-1;5888;-1
1460;50;F;1;0;Baja;0;-1;-1;-1
1822;49;M;1;1;Baja;0;-1;6627;-1
2532;44;F;0;1;Baja;0;-1;7225;-1
1522;33;M;1;1;Baja;0;2195;-1;-1
1036;67;F;0;0;Baja;0;-1;5994;-1
1163;52;M;1;1;Media;0;2027;6091;-1
1294;27;F;1;1;Media;0;-1;-1;-1
1330;-1;M;0;1;Baja;0;-1;6225;-1
588;28;M;0;1;Baja;0;-1;5644;-1
12;37;F;0;1;Baja;0;-1;5183;-1
261;38;F;1;1;Baja;0;-1;-1;-1
1192;-1;F;0;0;Baja;0;-1;6113;-1
2483;49;M;0;1;Baja;0;-1;7183;-1
1470;35;F;0;1;Baja;0;-1;6326;-1
636;44;F;0;1;Baja;0;-1;5680;-1
2335;39;F;0;1;Media;0;-1;7063;-1
2367;51;F;1;1;Alta;0;-1;7089;-1
1605;37;F;1;1;Baja;0;-1;6442;-1
50;-1;M;0;0;Baja;0;-1;5217;-1
977;72;M;0;0;Baja;0;-1;5950;-1
16;-1;M;0;0;Baja;0;-1;-1;-1
2380;36;F;1;1;Baja;0;-1;7101;-1
1044;53;M;0;1;Baja;0;-1;5999;-1
2320;39;M;1;1;Baja;0;183;7049;-1
2503;36;M;0;1;Baja;0;-1;7201;-1
654;55;F;1;1;Baja;0;-1;5695;-1
737;32;M;1;1;Baja;0;858;5759;-1
1816;36;M;0;1;Media;0;-1;6621;-1
1578;54;F;0;0;Media;0;-1;-1;-1
242;61;F;0;0;Baja;0;2703;-1;-1
566;39;M;0;1;Baja;0;-1;5626;-1
1065;53;F;1;1;Baja;0;1660;6015;-1
1554;23;F;0;1;Baja;0;-1;6395;-1
999;37;F;0;1;Baja;0;-1;-1;-1
1293;63;M;1;1;Baja;0;-1;6196;-1
2053;49;F;1;1;Media;0;-1;6813;-1
509;31;M;1;1;Media;0;-1;5576;-1
1626;-1;M;0;0;Media;0;-1;-1;-1
2182;30;F;1;1;Baja;0;-1;6927;-1
2002;66;F;0;0;Media;0;-1;-1;-1
1419;36;F;1;1;Media;0;-1;6289;-1
1113;85;M;0;0;Baja;0;-1;-1;-1
1526;43;M;1;1;Baja;0;-1;6372;-1
230;36;F;1;1;Baja;0;745;5357;-1
2355;69;F;0;0;Baja;0;1714;-1;-1
2392;62;M;1;1;Baja;0;-1;-1;-1
2270;37;F;1;1;Media;0;-1;7001;-1
2395;32;M;1;1;Baja;0;-1;7113;-1
1077;77;M;0;0;Baja;0;-1;6024;-1
2108;36;M;1;1;Baja;0;-1;6865;-1
2048;43;F;1;1;Media;0;-1;-1;-1
1138;27;M;0;1;Baja;0;-1;-1;-1
2031;30;F;1;1;Baja;0;-1;6796;-1
2179;-1;F;0;0;Baja;0;2225;-1;-1
373;45;M;0;1;Baja;0;2597;5468;-1
562;60;M;1;1;Baja;0;-1;5622;-1
1917;49;M;0;0;Baja;0;-1;-1;-1
1333;26;M;1;1;Baja;0;-1;-1;-1
1625;47;M;0;1;Alta;0;-1;6461;-1
2236;40;M;1;1;Baja;0;2042;6973;-1
1915;-1;M;0;1;Media;0;-1;6703;-1
1948;48;F;1;1;Media;0;-1;6728;-1
1426;36;F;0;1;Baja;0;-1;6295;-1
582;35;F;1;1;Baja;0;-1;-1;-1
127;43;M;1;1;Media;0;-1;5280;-1
742;29;F;1;1;Baja;0;-1;-1;-1
1279;47;F;1;1;Baja;0;-1;6184;-1
1547;28;F;1;1;Baja;0;-1;6389;-1
2099;-1;M;0;0;Baja;0;-1;6857;-1
2493;59;F;1;1;Baja;0;-1;7193;-1
499;49;M;1;1;Media;0;-1;5568;-1
1282;61;M;0;1;Media;0;-1;6186;-1
2301;29;M;1;1;Media;0;-1;7031;-1
776;37;F;0;1;Baja;0;-1;5788;-1
1591;49;M;1;1;Media;0;-1;6429;-1
356;35;F;1;1;Baja;0;-1;5455;-1
1469;57;F;0;1;Baja;0;-1;6325;-1
331;32;F;0;1;Baja;0;-1;5436;-1
1702;26;M;1;1;Media;0;-1;6524;-1
549;26;M;0;1;Alta;0;-1;5610;-1
1848;66;M;1;1;Media;0;-1;-1;-1
332;38;M;1;1;Baja;0;-1;5437;-1
1543;46;F;0;1;Baja;0;-1;6386;-1
1740;42;M;1;1;Baja;0;-1;6552;-1
2192;36;M;0;1;Baja;0;-1;6935;-1
402;46;F;0;1;Baja;0;-1;-1;-1
1277;28;M;1;1;Media;0;-1;6183;-1
495;32;F;1;1;Baja;0;-1;5565;-1
2087;34;M;1;1;Baja;0;-1;6845;-1
1024;-1;F;0;0;Baja;0;2350;-1;-1
1499;29;F;1;1;Baja;0;-1;6350;-1
1618;41;F;1;1;Baja;0;-1;6455;-1
2389;-1;F;1;1;Media;0;-1;7110;-1
2033;81;F;1;1;Baja;0;-1;-1;-1
2187;41;F;1;1;Media;0;-1;6931;-1
219;33;F;0;1;Baja;0;-1;5348;-1
1340;35;F;1;1;Baja;0;-1;6233;-1
131;54;F;1;1;Media;0;-1;5283;-1
1122;30;F;1;1;Baja;0;-1;6054;-1
1951;33;M;1;1;Alta;0;-1;6731;-1
2155;80;M;0;0;Baja;0;-1;6907;-1
779;-1;M;0;0;Baja;0;1349;-1;-1
2143;66;M;0;1;Baja;0;-1;6896;-1
1226;53;M;1;1;Alta;0;-1;-1;-1
1229;32;F;1;1;Baja;0;-1;6146;-1
258;34;M;1;1;Media;0;-1;5378;-1
2102;27;M;1;1;Media;0;-1;6860;-1
1896;-1;F;0;0;Baja;0;1798;-1;-1
130;49;F;0;0;Baja;0;-1;5282;-1
1530;52;M;1;1;Baja;0;-1;6376;-1
1235;-1;M;0;1;Baja;0;-1;6152;-1
1464;-1;M;0;0;Baja;0;-1;6322;-1
105;51;F;0;0;Baja;0;-1;-1;-1
1545;44;F;0;0;Baja;0;579;-1;-1
1897;36;M;1;1;Media;0;-1;6691;-1
298;50;M;0;1;Alta;0;-1;5411;-1
622;53;M;1;1;Baja;0;-1;-1;-1
819;33;M;1;1;Media;0;-1;5823;-1
1523;37;F;0;1;Baja;0;-1;6370;-1
118;53;F;1;0;Baja;0;2141;5272;-1
604;28;M;0;1;Media;0;-1;-1;-1
1974;38;M;1;1;Alta;0;-1;-1;-1
186;49;M;0;1;Baja;0;-1;5324;-1
608;40;F;0;1;Media;0;-1;5660;-1
881;24;F;0;1;Media;0;-1;-1;-1
2417;54;M;1;1;Baja;0;-1;7132;-1
912;33;F;1;1;Baja;0;-1;5900;-1
1758;60;F;0;0;Baja;0;-1;6568;-1
1750;31;F;1;1;Baja;0;-1;6560;-1
228;34;M;1;1;Baja;0;-1;5355;-1
381;39;F;0;1;Baja;0;-1;5475;-1
1316;65;M;1;1;Media;0;-1;6212;-1
1843;34;M;1;1;Baja;0;-1;6646;-1
183;48;F;1;1;Baja;0;-1;5321;-1
248;61;M;0;1;Baja;0;-1;5369;-1
640;43;M;0;1;Baja;0;-1;5684;-1
1068;38;F;1;1;Baja;0;-1;6018;-1
1935;47;M;1;1;Alta;0;-1;6719;-1
49;42;F;0;0;Baja;0;-1;-1;-1
1474;36;M;0;1;Baja;0;-1;6330;-1
1760;29;F;1;1;Baja;0;-1;6570;-1
311;43;M;1;1;Baja;0;-1;5420;-1
2469;37;F;1;1;Media;0;-1;7174;-1
496;32;M;1;1;Media;0;-1;5566;-1
2361;38;M;1;1;Baja;0;-1;7084;-1
930;47;M;1;1;Media;0;-1;-1;-1
2405;38;M;0;1;Baja;0;-1;7122;-1
1451;29;M;1;1;Baja;0;-1;6312;-1
691;30;M;1;1;Media;0;-1;5724;-1
453;44;F;0;1;Baja;0;-1;-1;-1
1765;70;M;1;1;Baja;0;1305;6575;-1
2356;45;F;0;1;Baja;0;-1;7081;-1
2450;59;F;1;1;Media;0;-1;7160;-1
852;38;M;1;1;Media;0;-1;5849;-1
379;32;M;1;1;Baja;0;-1;5473;-1
980;-1;M;0;1;Media;0;-1;-1;-1
125;44;F;0;0;Baja;0;-1;-1;-1
2036;29;F;1;1;Baja;0;2481;6800;-1
946;63;M;1;0;Baja;0;-1;5924;-1
937;50;M;0;1;Media;0;366;5918;-1
2137;38;F;0;1;Baja;0;-1;6891;-1
1776;42;M;1;1;Baja;0;-1;6585;-1
1180;43;F;1;1;Baja;0;-1;-1;-1
326;46;F;1;1;Baja;0;-1;5431;-1
2477;-1;M;1;0;Baja;0;1649;7179;-1
11;58;M;1;1;Baja;0;-1;5182;-1
1619;62;F;1;1;Media;0;2511;6456;-1
2013;27;M;1;1;Media;0;2438;6782;-1
661;32;F;1;1;Media;0;-1;5701;-1
988;64;F;1;1;Media;0;-1;5957;-1
557;32;M;1;1;Media;0;-1;5618;-1
1253;67;M;1;1;Baja;0;-1;6166;-1
1753;40;F;1;1;Media;0;-1;6563;-1
963;32;M;1;1;Media;0;-1;5939;-1
422;29;M;1;1;Alta;0;-1;5507;-1
2440;47;M;1;1;Baja;0;-1;7150;-1
1096;-1;M;1;1;Baja;0;-1;-1;-1
1857;29;M;1;1;Baja;0;-1;6656;-1
1216;37;M;0;1;Media;0;-1;6136;-1
393;41;M;1;1;Baja;0;-1;5486;-1
1184;42;F;1;1;Baja;0;-1;6108;-1
1529;54;M;1;1;Baja;0;-1;6375;-1
1902;28;F;1;1;Media;0;-1;6695;-1
753;44;F;1;1;Media;0;-1;5770;-1
2458;51;F;1;1;Media;0;-1;-1;-1
650;-1;M;0;0;Baja;0;1347;-1;-1
47;51;M;0;0;Media;0;-1;5215;-1
1029;29;M;1;1;Media;0;-1;5988;-1
419;74;F;0;0;Baja;0;-1;-1;-1
908;44;M;1;1;Media;0;-1;-1;-1
746;28;M;1;1;Baja;0;-1;5764;-1
1793;39;M;1;1;Baja;0;-1;6602;-1
1398;-1;M;1;0;Baja;0;-1;-1;-1
1484;37;F;1;1;Media;0;-1;6337;-1
769;24;M;1;1;Media;0;-1;5784;-1
909;30;M;1;1;Media;0;-1;-1;-1
2123;-1;M;0;0;Baja;0;-1;6878;-1
2396;45;F;0;1;Baja;0;-1;7114;-1
482;39;M;1;1;Media;0;-1;5555;-1
1832;52;M;1;1;Baja;0;-1;6635;-1
770;60;M;0;1;Media;0;-1;5785;-1
1439;-1;M;0;0;Baja;0;1746;-1;-1
1699;27;M;1;1;Alta;0;-1;6521;-1
240;55;F;0;1;Baja;0;-1;5363;-1
859;60;M;1;1;Alta;0;-1;5854;-1
1666;33;F;0;1;Baja;0;-1;6494;-1
678;-1;M;0;0;Baja;0;-1;5712;-1
1601;28;M;1;1;Media;0;-1;6439;-1
1309;48;F;0;1;Baja;0;-1;6207;-1
1906;44;M;0;1;Media;0;-1;-1;-1
2204;57;F;0;0;Baja;0;1164;6945;-1
2003;27;M;1;1;Alta;0;-1;6772;-1
214;38;M;1;1;Baja;0;-1;5344;-1
303;39;M;1;1;Baja;0;-1;5415;-1
1655;56;F;1;1;Media;0;-1;6486;-1
13;50;F;1;1;Baja;0;-1;5184;-1
658;27;F;1;1;Baja;0;-1;5699;-1
223;38;F;1;1;Baja;0;-1;5351;-1
1539;30;F;0;1;Baja;0;-1;6384;-1
2556;30;M;0;1;Media;0;-1;-1;-1
263;37;F;1;1;Baja;0;-1;5382;-1
156;-1;M;1;1;Media;0;-1;-1;-1
841;47;M;1;1;Baja;0;-1;5839;-1
965;32;M;0;1;Baja;0;-1;5941;-1
1391;33;M;1;1;Media;0;-1;-1;-1
542;51;F;0;1;Baja;0;675;5604;-1
80;28;F;1;1;Media;0;-1;5241;-1
2331;41;M;1;1;Baja;0;-1;7059;-1
2194;29;M;1;1;Alta;0;-1;6937;-1
1207;45;M;0;1;Media;0;-1;6128;-1
1888;-1;M;0;0;Baja;0;-1;6683;-1
1299;-1;M;0;1;Baja;0;-1;6199;-1
669;33;M;0;1;Media;0;-1;-1;-1
550;39;M;0;1;Media;0;-1;5611;-1
1219;55;F;1;1;Media;0;-1;6139;-1
2375;57;M;0;1;Baja;0;-1;7096;-1
1008;36;F;0;1;Baja;0;-1;5973;-1
964;37;M;1;1;Baja;0;-1;5940;-1
2266;50;M;1;1;Baja;0;-1;6997;-1
2481;41;M;1;1;Media;0;-1;-1;-1
1595;27;M;1;1;Media;0;-1;6433;-1
1317;29;F;0;1;Baja;0;-1;6213;-1
2148;43;F;1;1;Baja;0;-1;6901;-1
971;43;M;0;1;Baja;0;-1;5944;-1
2220;30;M;1;1;Media;0;-1;6959;-1
688;33;F;1;1;Baja;0;-1;5721;-1
531;25;M;1;1;Baja;0;-1;-1;-1
645;30;F;0;1;Baja;0;-1;5688;-1
981;51;M;1;1;Baja;0;-1;5951;-1
674;-1;F;0;0;Baja;0;1325;-1;-1
413;55;M;0;0;Baja;0;-1;-1;-1
1713;-1;F;0;0;Baja;0;1984;-1;-1
1633;-1;M;0;0;Baja;0;-1;6468;-1
215;52;M;0;0;Baja;0;-1;5345;-1
337;57;M;0;0;Baja;0;-1;5442;-1
73;27;M;1;1;Media;0;-1;5234;-1
143;33;F;1;1;Baja;0;-1;5294;-1
1568;30;F;1;1;Baja;0;2512;6408;-1
7;49;M;0;1;Baja;0;-1;5178;-1
1818;68;M;0;1;Baja;0;-1;6623;-1
2278;31;M;1;1;Baja;0;-1;7009;-1
565;56;M;1;1;Baja;0;-1;5625;-1
359;25;F;1;1;Media;0;-1;5458;-1
1034;58;F;0;1;Baja;0;2772;-1;-1
2434;25;M;0;1;Baja;0;-1;-1;-1
459;31;F;1;1;Baja;0;-1;5535;-1
2272;35;M;1;1;Baja;0;-1;7003;-1
132;-1;F;0;0;Baja;0;-1;5284;-1
315;49;F;1;1;Baja;0;-1;5423;-1
788;45;M;0;1;Baja;0;422;-1;-1
1952;29;F;1;1;Baja;0;-1;6732;-1
71;25;M;0;1;Media;0;-1;5233;-1
1322;59;M;0;0;Media;0;-1;6218;-1
1371;-1;M;0;1;Baja;0;279;-1;-1
2023;73;F;1;1;Alta;0;-1;6789;-1
1881;29;F;1;1;Media;0;-1;6677;-1
2554;42;M;0;1;Baja;0;-1;7245;-1
1794;30;F;1;1;Media;0;-1;6603;-1
1070;47;F;0;1;Baja;0;-1;6019;-1
2264;42;M;0;1;Baja;0;-1;6995;-1
290;46;F;1;1;Baja;0;2445;5404;-1
1393;67;F;1;1;Baja;0;-1;6274;-1
1441;29;M;1;1;Alta;0;-1;6304;-1
2416;54;M;1;1;Baja;0;-1;-1;-1
1746;43;F;1;1;Baja;0;-1;6556;-1
1692;37;M;0;1;Baja;0;-1;6514;-1
465;30;M;1;1;Baja;0;-1;5540;-1
1285;64;M;1;1;Media;0;-1;6189;-1
1653;41;F;1;1;Media;0;-1;6484;-1
9;36;M;0;1;Baja;0;-1;5180;-1
1489;37;F;1;1;Baja;0;-1;6341;-1
2271;33;F;1;1;Baja;0;553;7002;-1
894;61;F;0;0;Baja;0;1662;-1;-1
985;32;M;0;1;Alta;0;-1;5954;-1
201;45;F;0;1;Baja;0;-1;-1;-1
675;28;F;1;1;Alta;0;54;5710;-1
1939;-1;F;0;1;Baja;0;-1;6722;-1
1790;64;M;1;1;Baja;0;-1;6599;-1
1558;41;F;0;1;Baja;0;-1;6399;-1
2202;28;F;1;1;Media;0;-1;6943;-1
1883;73;F;0;0;Baja;0;2718;-1;-1
121;51;F;1;1;Baja;0;-1;5275;-1
1043;57;F;0;0;Baja;0;2640;-1;-1
1117;32;F;1;1;Baja;0;-1;6050;-1
1144;43;F;1;1;Baja;0;-1;6073;-1
2544;34;F;1;1;Baja;0;-1;7235;-1
1916;35;F;0;1;Baja;0;-1;6704;-1
1086;43;F;0;1;Baja;0;-1;6030;-1
648;-1;F;0;0;Baja;0;1324;-1;-1
2200;34;F;0;1;Baja;0;1929;-1;-1
1556;49;M;1;1;Alta;0;-1;6397;-1
440;43;F;0;0;Baja;0;-1;-1;-1
502;40;M;0;1;Baja;0;-1;5571;-1
2089;37;M;1;1;Media;0;-1;6847;-1
116;43;M;1;1;Baja;0;-1;5270;-1
490;54;F;0;0;Baja;0;-1;5561;-1
1136;42;M;1;1;Media;0;-1;6067;-1
694;-1;F;0;0;Baja;0;-1;5726;-1
1696;39;F;1;1;Baja;0;-1;6518;-1
620;39;F;1;1;Media;0;-1;5670;-1
1876;64;F;1;1;Alta;0;-1;6672;-1
1480;58;M;0;1;Alta;0;-1;6334;-1
1718;39;F;0;1;Baja;0;-1;-1;-1
539;41;M;0;1;Baja;0;-1;5601;-1
2093;30;F;0;1;Baja;0;-1;6851;-1
1115;32;F;1;1;Baja;0;-1;6049;-1
666;-1;M;0;0;Baja;0;-1;5704;-1
1209;63;M;0;1;Baja;0;-1;-1;-1
1658;27;M;1;1;Media;0;-1;6489;-1
2022;28;F;1;1;Media;0;-1;6788;-1
1947;51;M;1;1;Baja;0;-1;6727;-1
2500;-1;F;0;0;Baja;0;-1;7198;-1
533;65;F;1;1;Baja;0;-1;5595;-1
929;31;M;1;1;Baja;0;-1;5914;-1
213;30;M;1;1;Media;0;-1;5343;-1
1811;-1;M;1;1;Baja;0;-1;6617;-1
904;80;M;1;1;Baja;0;-1;5894;-1
1028;40;M;1;1;Baja;0;-1;5987;-1
2029;35;M;1;1;Baja;0;-1;6794;-1
1349;54;M;0;1;Media;0;-1;6241;-1
1672;31;F;1;1;Media;0;-1;6499;-1
2015;29;F;1;1;Baja;0;-1;6784;-1
2068;46;F;1;1;Baja;0;-1;6828;-1
1437;36;M;1;1;Media;0;-1;-1;-1
2012;38;F;1;1;Baja;0;-1;6781;-1
2376;31;F;0;1;Baja;0;-1;7097;-1
352;-1;F;1;1;Baja;0;-1;5453;-1
559;36;F;1;1;Baja;0;-1;-1;-1
77;47;F;0;1;Baja;0;-1;5238;-1
2489;45;M;0;0;Media;0;-1;7189;-1
1528;28;M;1;1;Media;0;-1;6374;-1
1836;36;F;1;1;Baja;0;-1;6639;-1
142;39;M;1;1;Baja;0;-1;5293;-1
721;26;M;0;1;Media;0;-1;5746;-1
1683;29;M;0;1;Baja;0;-1;6507;-1
880;59;M;1;1;Media;0;-1;5873;-1
1172;27;F;1;1;Baja;0;-1;6100;-1
2475;35;M;0;1;Baja;0;-1;7178;-1
1064;38;F;1;1;Baja;0;-1;6014;-1
103;-1;M;0;1;Baja;0;-1;5261;-1
386;32;F;1;1;Baja;0;-1;5479;-1
487;38;M;1;1;Baja;0;-1;5559;-1
1830;35;F;1;1;Baja;0;-1;6634;-1
1023;42;F;1;1;Baja;0;-1;-1;-1
886;61;F;0;1;Baja;0;-1;5878;-1
2119;39;M;0;1;Baja;0;-1;6874;-1
2429;45;F;0;1;Baja;0;-1;7142;-1
2173;32;M;1;1;Baja;0;-1;6920;-1
416;38;M;1;1;Baja;0;-1;5503;-1
1261;57;M;0;1;Baja;0;-1;-1;-1
2504;61;M;1;1;Baja;0;-1;7202;-1
1014;34;F;0;1;Baja;0;-1;5978;-1
2341;40;F;1;1;Baja;0;-1;7068;-1
1814;56;M;1;1;Media;0;-1;6619;-1
1588;29;F;1;1;Baja;0;-1;6427;-1
2368;42;M;1;1;Baja;0;-1;7090;-1
603;50;M;1;1;Media;0;-1;5656;-1
751;34;M;1;1;Media;0;-1;5768;-1
2394;61;M;1;1;Baja;0;-1;-1;-1
2520;29;M;1;1;Media;0;-1;7214;-1
2226;53;M;0;1;Media;0;-1;6965;-1
40;42;M;0;1;Baja;0;-1;5208;-1
1446;60;M;1;0;Baja;0;-1;-1;-1
1742;33;F;1;1;Baja;0;-1;6554;-1
498;26;M;0;1;Baja;0;-1;-1;-1
986;-1;M;0;0;Baja;0;1828;5955;-1
2421;35;F;1;1;Baja;0;-1;7135;-1
1497;-1;F;1;1;Media;0;-1;6348;-1
1853;34;F;1;1;Baja;0;-1;6653;-1
1892;34;M;1;1;Media;0;-1;6687;-1
951;37;F;1;1;Media;0;-1;5929;-1
719;37;F;0;0;Baja;0;-1;5744;-1
43;27;F;1;1;Media;0;-1;5211;-1
1290;40;M;1;1;Alta;0;-1;6193;-1
2124;-1;F;0;1;Baja;0;-1;6879;-1
211;31;M;1;1;Media;0;-1;5341;-1
2185;54;F;0;1;Baja;0;-1;6930;-1
249;32;M;0;1;Media;0;-1;5370;-1
1675;42;F;1;1;Baja;0;-1;6502;-1
1635;-1;F;1;0;Baja;0;-1;6469;-1
1120;58;F;0;1;Media;0;-1;-1;-1
2092;34;M;1;1;Media;0;-1;6850;-1
2016;55;M;1;1;Baja;0;-1;-1;-1
1195;32;F;1;1;Media;0;-1;6116;-1
497;32;M;1;1;Alta;0;-1;5567;-1
1445;37;M;1;1;Alta;0;-1;6307;-1
2088;44;M;1;1;Media;0;-1;6846;-1
1905;29;F;1;1;Media;0;-1;6697;-1
1416;40;M;1;1;Media;0;-1;6286;-1
1400;48;M;1;1;Baja;0;-1;6277;-1
1417;53;F;0;0;Baja;0;-1;6287;-1
1782;55;F;0;0;Baja;0;-1;6591;-1
235;56;M;0;0;Baja;0;-1;-1;-1
944;62;M;0;0;Baja;0;-1;-1;-1
632;24;M;1;1;Baja;0;-1;-1;-1
227;39;M;1;1;Baja;0;-1;5354;-1
1994;40;M;1;1;Media;0;-1;6765;-1
1412;46;F;0;0;Baja;0;-1;6282;-1
2145;31;M;1;1;Alta;0;-1;6898;-1
195;40;F;1;1;Baja;0;619;-1;-1
2476;27;F;1;1;Alta;0;-1;-1;-1
967;44;M;0;1;Baja;0;-1;5942;-1
2150;31;M;0;1;Baja;0;-1;6903;-1
2406;31;M;1;1;Baja;0;-1;7123;-1
1647;31;M;1;1;Media;0;-1;6478;-1
2045;29;F;0;1;Baja;0;-1;6809;-1
262;58;M;1;1;Baja;0;-1;5381;-1
135;46;M;0;1;Baja;0;-1;5287;-1
810;64;M;1;1;Baja;0;-1;5815;-1
1999;-1;F;0;0;Baja;0;1608;-1;-1
318;49;M;1;1;Baja;0;-1;-1;-1
1273;-1;M;0;1;Baja;0;-1;6180;-1
1841;44;F;1;1;Media;0;-1;6644;-1
2388;46;F;0;1;Media;0;1909;7109;-1
67;50;F;0;1;Baja;0;-1;-1;-1
1833;28;M;0;1;Alta;0;-1;6636;-1
2027;30;M;1;1;Media;0;-1;6793;-1
945;30;F;1;1;Baja;0;-1;5923;-1
1005;43;F;0;1;Baja;0;-1;5971;-1
1377;87;M;0;0;Baja;0;-1;-1;-1
2369;44;F;1;1;Baja;0;-1;7091;-1
