id;"nombreEvento	";"categoriaEvento	";"tipoEvento	";codigoEvento
669;1er Festival de teatro de Los Andes - Una aventura clown;Otros;CULT;EVN-0000440
1065;Sesión Individual;Práctica Profesional;CTP;CTP-000201620
35;Charla - Tecnocracia y democracia: t?cnicos econ?micos en Colombia y Per?. Por: Eduardo Dargent;Acad?micos;ACAD;EVN-0000795
716;Concierto Orquesta Sinfonica Brahms Variaciones sobre un te ma de Haydn;Culturales;CULT;EVN-0003409
806;FIESTA DE NAVIDAD PARA HIJOS D E PROFESORES Y EMPLEADOS;Otros;OTRO;EVN-0004557
118;VOLVER A LOS ANDES 3;Egresados;SOCI;EVN-0002406
240;El Mundo de la Responsabilidad Social y la Ingenier?a;Acad?micos;ACAD;EVN-0002287
1061;Sesión Individual;Práctica Profesional;CTP;CTP-000201619
432;Oportunidades de Estudio en China.;Acad?micos;OTRO;EVN-0002339
907;Presentaci?n Corporativa Jones Lang LaSalle;Egresados, Institucionales;SOCI;EVN-0002607
133;Concierto Orquesta Sinfonica Mendelssohn VaughanWilliams Bee thoven;Culturales;CULT;EVN-0003439
77;Temporada de conciertos 2009 -2 Orquesta de los Andes;Culturales;CULT;EVN-0000040
304;Danza tradicional coreana;Otros;OTRO;EVN-0000259
1;Temporada de Teatro 2012 -1: Las nubes (Arist?fanes);Culturales;CULT;EVN-0001946
639;Concierto de gala cumplea?os 6 4 Universidad de los Andes;Culturales;OTRO;EVN-0003732
958;Prueba01;65? Aniversario Universidad de los Andes, Acad?micos, Charlas Volver a los Andes 5;OTRO;EVN-0000000
194;Coro Uniandes 50 a?os;Culturales;CULT;EVN-0001330
927;La formaci?n de Estados Nacionales en Am?rica Latina en el siglo XIX;Acad?micos;ACAD;EVN-0000757
924;Evaluacion costo efectiva de la cirugia bariatrica para redu ccion de la obesidad morbida lecciones para el sistema de s;Acad?micos;ACAD;EVN-0003318
471;Victimizaci?n en el contexto escolar;Acad?micos;ACAD;EVN-0001188
917;IV Congreso Internacional de Derecho Procesal;Acad?micos;ACAD;EVN-0003423
1016;SERHIY SALOV - PIANO;Culturales;CULT;EVN-0004219
224;Curso pre-congreso Como estudiar sitios contaminados en regiones bajo riesgo por conflicto;Acad?micos;ACAD;EVN-0001434
409;?Sara Dice? Teatro Petra;Culturales;CULT;EVN-0002612
603;Lanzamiento del libro ?Pol?ticas antidroga en Colombia: ?xi tos, fracasos y extrav?os?;Acad?micos;ACAD;EVN-0003784
702;Seoul Ballet Theatre: Communique;Culturales;CULT;EVN-0003607
425;Debate de candidatos a la Alcaldia de Bogota;Otros;OTRO;EVN-0003347
793;?C?mo Estudiar en el Exterior?: Oportunidades de estudio en Francia;Acad?micos;OTRO;EVN-0001368
221;Orquesta de los Andes;Culturales;CULT;EVN-0002096
385;Beca de posgrado Uni?n Europea;Otros;OTRO;EVN-0002439
790;Conferencia: Deformalization in International Law;Acad?micos;ACAD;EVN-0002464
369;Presentaci?n Corporativa Correval - Credicorp;Institucionales;OTRO;EVN-0002586
459;Concierto para Flauta y Orquesta. Orquesta Sinf?nica Nacional de Colombia.;Otros;CULT;EVN-0000696
71;La Sociedad por Acciones Simplificada: evoluci?n y perspectivas;Otros;ACAD;EVN-0000143
336;Conversatorios Presidenciales 2010 - GUSTAVO PETRO;Otros;ACAD;EVN-0000157
926;La formacion de Estados Nacionales en America Latina en el s iglo XIX;Acad?micos;ACAD;EVN-0003834
985;La geopol?tica del comparativismo jur?dico: enfoque caso Ecuador - Chevron;Acad?micos;ACAD;EVN-0002526
670;Temporada de Teatro 2011 2 Ubu Rey;Culturales;CULT;EVN-0003344
117;?ltimo concierto de la temporada con la Orquesta Sinf?nica Nacional de Colombia;Otros;CULT;EVN-0000025
378;Orquesta de los Andes;Otros;CULT;EVN-0000139
906;El proceso de negociaci?n del TLC entre la Uni?n Europea y Colombia;Acad?micos;ACAD;EVN-0002537
167;SEMANA T?CNICA AIChE UNIANDES - Dr. Ignacio Grossmann;Otros;ACAD;EVN-0000529
810;Inauguracion Exposicion Escalando 2011 Muestra de trabajos y proyectos de estudiantes de arquitectura;Culturales;CULT;EVN-0003350
971;Tertulia tributaria: Tributaci?n de la inversi?n de portafo lio;Acad?micos;ACAD;EVN-0003455
352;C?mo aprender a criticar sin perder la cordura: arte, cine y televisi?n;Charlas Volver a los Andes 5, Oculta;OTRO;EVN-0002624
552;Foro: Defendiendo los derechos de las mujeres en la pr?ctica;Acad?micos;CULT;EVN-0002099
730;Presentaci?n Corporativa Accenture;Institucionales;OTRO;EVN-0002525
689;Charla informativa sobre Pasant?as de Verano 2012 en las firmas Brigard and Urrutia y Brigard and Castro;Otros;OTRO;EVN-0003492
151;Orquesta Sinfonica En francais;Culturales;CULT;EVN-0003313
395;Academia y conflicto, una mirada Uniandina;Otros;OTRO;EVN-0000285
854;Congreso: ?El derecho en Am?rica Latina: los retos del siglo XXI?;Otros;ACAD;EVN-0000117
752;Pubertad y Adolescencia en Autismo y Estrategias de Afrontamiento Positivas en Autismo - Taller para familias;Acad?micos;ACAD;EVN-0002002
588;La influencia de la belleza en las formulaciones cient?ficas;Acad?micos;ACAD;EVN-0003714
866;Muertos sin sepultura;Culturales;CULT;EVN-0002455
680;Dia del Profesor;Especiales;ESPE;EVN-0003276
994;Danzas clasicas de la India Maestra Sohini Roychowdhury;Otros;OTRO;EVN-0003793
956;Conferencia: Salud mental y derechos humanos: m?s all? de la psiquiatr?a;Acad?micos;ACAD;EVN-0002429
648;La pol?tica internacional sobre refugiados y desplazados;Otros;ACAD;EVN-0000347
693;Conferencia: Cortes nacionales como garantes de la justicia internacional;Acad?micos;ACAD;EVN-0001972
824;Visi?n del nuevo C?digo General del Derecho Procesal;Charlas Volver a los Andes 5, Oculta;ACAD;EVN-0003693
355;?peras Mozart - Eccles;Culturales;CULT;EVN-0002440
64;Celebraci?n D?a del Profesor;Otros;OTRO;EVN-0000166
406;Fiesta de Navidad para hijos de profesores y empleados;Especiales;SOCI;EVN-0001158
558;Encuentro con el escritor portugu?s Alexandre Honrado;Acad?micos, Especiales, Semana de Portugal;ACAD;EVN-0002577
626;Festival de jazz de Los Andes:;Acad?micos;ACAD;EVN-0003613
28;1er Festival de teatro de Los Andes - ?rase una vez la primera vez;Otros;CULT;EVN-0000438
774;Liu Fang. La?d chino;Acad?micos;ACAD;EVN-0003450
820;Que tan probable es que termines? Determinantes de la tasa d e graduacion de Educacion Superior en Colombia;Acad?micos;ACAD;EVN-0003386
1003;Innovaci?n y educaci?n superior;Charlas Volver a los Andes 5, Oculta;ACAD;EVN-0003711
431;C?mo contar historias en el c ine basadas en la Antropolog?a;Otros;OTRO;EVN-0002626
562;Orquesta Sinfonica Estaba la madre;Culturales;CULT;EVN-0003310
1056;Taller Situaciones Difíciles;Práctica Profesional;CTP;CTP-000201610
479;Seminario CEDE - La importancia de las inversiones de capital humano durante la primera infancia, diagn?stico y evidencia con base en la experiencia Colombiana;Acad?micos;ACAD;EVN-0003689
302;Foro Movilidad Uniandina;Otros;CULT;EVN-0000239
1030;Seminario: Estudio preliminar en casos de violencia sexual contra personas con discapacidad en Bogot?;Acad?micos;ACAD;EVN-0002120
571;Recital de Piano;Otros;CULT;EVN-0000113
321;Dorrian Neymour and One Voice;Culturales;CULT;EVN-0001601
477;Las Farc y el despojo de tierras en Colombia;Charlas Volver a los Andes 5, Oculta;ACAD;EVN-0003660
154;Universidad de los Andes;Acad?micos;ACAD;EVN-0000938
485;Misa No 12 en Si bemol Mayor Theresienmesse de Joseph Haydn;Culturales;CULT;EVN-0003456
1060;Taller Situaciones Difíciles;Práctica Profesional;CTP;CTP-000201619
251;Evaluaci?n costo efectiva de la cirug?a bari?trica para reducci?n de la obesidad m?rbida: lecciones para el sistema de salud;Acad?micos;ACAD;EVN-0000990
883;Conversatorio: La pr?ctica pro fesional del derecho ambiental;Acad?micos;ACAD;EVN-0002458
5;La sentencia de la Corte Internacional de Justicia en el diferendo colombo-nicarag?ense: ?un fallo sorpresivo o una reacci?n desmedida?;Acad?micos;ACAD;EVN-0003661
359;Ensamble de exploraci?n vocal de los Andes ? (EEVA);Otros;CULT;EVN-0000354
368;Taller de Comunicaci?n Efectiv a Exclusivo para Practicantes;Otros;OTRO;EVN-0002574
382;Presentaci?n Corporativa The Boston Consulting Group BCG;Institucionales;OTRO;EVN-0002500
619;Acto de posesion de Pablo Navas Sanz de Santamaria como rect or de la Universidad de los Andes;Especiales;ESPE;EVN-0003363
526;Dia del Profesor;Culturales;SOCI;EVN-0002004
502;Charla_Determinantes institucionales de la interpretaci?n constitucional: el dilema entre seguridad p?blica y libertades individuales en Am?rica Latina;Acad?micos;ACAD;EVN-0001387
685;Concierto del Coro de Camara y la Orquesta de Los Andes;Culturales;CULT;EVN-0003419
600;Seminario DePol?tica - La prohibici?n de la marihuana en M?xico;Acad?micos;ACAD;EVN-0002117
47;Concierto Orquesta de los Andes;Otros;CULT;EVN-0000161
176;1er Festival de teatro de Los Andes - Concierto de clausura;Otros;CULT;EVN-0000451
1064;Taller Situaciones Difíciles;Práctica Profesional;CTP;CTP-000201620
506;Cuarteto de saxofones de Bogot?;Culturales;CULT;EVN-0001615
518;Recital de canto;Culturales;CULT;EVN-0001312
169;Inauguraci?n del Edificio Roberto Franco (Bloques G y Gb);Acad?micos;OTRO;EVN-0002133
91;Temporada de teatro 2011 - 2: Ligaz?n;Culturales;CULT;EVN-0001078
1033;TEMPORADA DE CONCIERTOS 2009 II ORQUESTA DE LOS ANDES;Culturales;CULT;EVN-0003863
361;Graduate ?Engineering Program Opportunities at Columbia University?;Otros;OTRO;EVN-0002434
211;VII Jornadas de Contrataci?n Estatal;Otros;ACAD;EVN-0000067
853;Conversatorios Presidenciales 2010 - GERMAN VARGAS LLERAS;Otros;ACAD;EVN-0000156
236;The Politics of Forbearance_Non-Enforcement and Social Policy in Bogot?;Acad?micos;ACAD;EVN-0001122
220;I CONGRESO INTERNACIONAL DE DERECHO DE LA COMPETENCIA: DERECHO DE LA COMPETENCIA Y DESARROLLO;Otros;ACAD;EVN-0000534
891;Lanzamiento programa Quiero Estudiar Escala;Otros;OTRO;EVN-0002601
797;Como estudiar en el exterior? Oportunidades de estudio en Po rtugal;Otros;OTRO;EVN-0003861
749;Coloquio Internacional_ Todos los caminos llevan a Brasilia: La geopol?tica del plan de Integraci?n de Infraestructura Regional Suramericana ? IIRSA;Acad?micos;ACAD;EVN-0002080
440;Coro de la Universidad de los Andes;Culturales;CULT;EVN-0000726
509;Defensas del Estado a lo largo del proceso arbitral inversionista-Estado;Acad?micos;ACAD;EVN-0002527
672;Lanzamiento del programa Quiero Estudiar Escala;Oculta;OTRO;EVN-0002602
577;Taller B?squeda de Empleo;Otros;OTRO;EVN-0002609
636;Concierto Jovenes promesas Orquesta Sinfonica Nacional de Co lombia;Culturales;CULT;EVN-0003280
496;Semana de Italia -taller de fon?tica;Acad?micos;ACAD;EVN-0001194
992;Primeras Jornadas Internacionales de Autismo;Acad?micos;ACAD;EVN-0003527
399;Presentaci?n de publicaciones 2011 de la Facultad de Ciencias Sociales y conferencia de Saskia Sassen;Acad?micos;OTRO;EVN-0001251
327;Teatro: Arlequ?n, servidor de dos patrones;Culturales;CULT;EVN-0001166
1028;Dia del Apoyo Financiero;Institucionales;OTRO;EVN-0002670
707;Seminario DePol?tica 18 de oct;Acad?micos;ACAD;EVN-0002452
587;Coloquio: Tipos de violencia sexual;Otros;OTRO;EVN-0003604
624;Bienvenida a Estudiantes de Posgrados 2012-1;Especiales;OTRO;EVN-0001372
296;Ciclo de Cine Portugu?s - Filme da Treta;Culturales;CULT;EVN-0000815
721;Cese al fuego Qu? est? en juego;Acad?micos;ACAD;EVN-0002430
825;??Qu? tan probable es que termines? Determinantes de la tasa de graduaci?n de Educaci?n Superior en Colombia?;Acad?micos;ACAD;EVN-0001255
473;Orquesta de Los Andes: Temporada de conciertos 2011-2;Culturales;CULT;EVN-0001231
657;Bienvenida a Estudiantes de Posgrados 20121;Otros;OTRO;EVN-0003424
959;Oportunidades de Becas y Estudios en Taiw?n;Acad?micos;OTRO;EVN-0002302
951;Bienvenida a padres de estudiantes admitidos en Ingenier?a ado 2011-2;Otros;SOCI;EVN-0003868
281;Relaciones interamericanas contemporaneasLa soberania cambia nte de America Latina;Acad?micos;ACAD;EVN-0003394
527;Conferencia: 165 a?os de juicio de amparo en M?xico: perspectivas hist?ricas y actuales sobre el mecanismo de control;Acad?micos;ACAD;EVN-0002084
115;Conferencia de Arquitectura Portuguesa con Jo?o Carrilho da Gra?a;Acad?micos;ACAD;EVN-0000803
433;Orquesta de Los Andes;Culturales;CULT;EVN-0003880
1007;Foro: Patentes farmac?uticas y salud p?blica;Acad?micos;ACAD;EVN-0002490
394;Concierto Tempestad e ?mpetu Orquesta Sinf?nica Nacional de Colombia;Culturales;OTRO;EVN-0003767
561;Encuentro con el escritor portugu?s Vasco Graca Moura;Otros;OTRO;EVN-0002575
698;Coloquio Mar?timo;Acad?micos, Semana de Portugal;ACAD;EVN-0002581
445;Sustentaci?n de tesis doctoral en Derecho;Acad?micos;OTRO;EVN-0002285
353;Taller de Entrevista;Otros;OTRO;EVN-0002518
988;La historia de los dispositivos oclusores en Uniandes: de la idea a los pacientes;Acad?micos;ACAD;EVN-0003700
634;Semana de China : Ciclo de Conferencias;Acad?micos;ACAD;EVN-0001064
814;Cuarteto de saxofones de Bogot?;Acad?micos;ACAD;EVN-0003446
792;Sesiones individuales Exclusiv o para practicantes 2013-1;Otros;OTRO;EVN-0002549
938;Jornada Informativa EGOB;Acad?micos;ACAD;EVN-0002540
213;Foro-lanzamiento de libro: Justicia distributiva en sociedades en transici?n;Acad?micos;CULT;EVN-0001921
870;Celebraci?n D?a de la Secretaria;Otros;OTRO;EVN-0000153
174;Concierto del Coro de C?mara y la Orquesta de Los Andes;Culturales;CULT;EVN-0001390
836;Sustentaci?n tesis doctoral en Derecho;Acad?micos;ACAD;EVN-0002129
447;Seminario de Investigaci?n - Capacidades estatales e instituciones para la gobernanza local;Acad?micos;ACAD;EVN-0001774
324;CONCIERTO DE VIOLiN Y PIANO Yuki Hashimori y Rintaro Akamats u;Culturales;CULT;EVN-0003428
390;Bienvenida a Padres de Estudia;Otros;SOCI;EVN-0004767
276;Bienvenida a Padres de Estudia;Otros;SOCI;EVN-0004766
293;Desarrollo de un modelo unificado de Terapia Cognoscitivo-Conductual: La nueva ciencia cl?nica de la Plenitud Mental (Mindfulness) y los Valores;Otros;ACAD;EVN-0000270
110;Conferencia ?C?mo estudiar en China?;Acad?micos;OTRO;EVN-0000837
277;Orquesta de Los Andes Temporada de conciertos 20112;Culturales;CULT;EVN-0003380
553;Encuentro con el escritor portugu?s Valter Hugo M?e;Acad?micos, Semana de Portugal;ACAD;EVN-0002584
339;Ensayo abierto al p?blico, m?sica barroca para cuerdas: HANDEL;Culturales;CULT;EVN-0000035
925;Coloquio Divulgativo de F?sica;Otros;ACAD;EVN-0000281
129;Marat Sade;Acad?micos;ACAD;EVN-0003583
816;?Qu? nos dicen los sitios de la Patagonia respecto del poblamiento amerciano?;Otros;ACAD;EVN-0000387
811;Seminarios de Investigaci?n EGOB - Reflexiones sobre las te or?as (econ?micas) de la justicia;Acad?micos;ACAD;EVN-0003435
198;Foro M?sica al derecho. La situaci?n de los derechos de autor en Colombia;Acad?micos;ACAD;EVN-0001641
827;III Congreso Internacional de Derecho Procesal Independencia y Autonomia Judicial;Acad?micos;ACAD;EVN-0003643
13;Concierto de clarinete y piano;Culturales;CULT;EVN-0001883
343;Reinauguraci?n de la Biblioteca Sat?lite de Econom?a;Otros;OTRO;EVN-0000208
595;Conversatorio con el Presidente Alvaro Uribe V?lez - COLOMBIA EN EL MUNDO 2002 - 2010;Otros;ACAD;EVN-0000146
934;Master Class con Maria Joao n M?rio Laginha;Otros;OTRO;EVN-0002580
1031;Panel internacional Academia y conflicto;Acad?micos;ACAD;EVN-0003862
21;Concierto Orquesta Sinf?nica Nacional de Colombia;Culturales;CULT;EVN-0003879
630;Propiedad informal y violencia familiar en Ciudad Bol?var: una exploraci?n cualitativa;Acad?micos;ACAD;EVN-0000886
745;Presentaci?n Corporativa BELCORP;Institucionales;OTRO;EVN-0002534
348;Sixto Salgado ?Pa?to?;Culturales;CULT;EVN-0002425
482;Lanzamiento de la investigaci?n: Discriminaci?n racial y pigmentocracia en Colombia (Cap?tulo Colombia);Acad?micos;ACAD;EVN-0001807
499;Trayectorias sociohist?ricas del derecho a la propiedad en el proceso constituyente boliviano: L?mites y posibilidades;Acad?micos;ACAD;EVN-0001928
233;?C?mo estudiar en el exterior?: Planeaci?n de estudios de posgrado en el exterior;Acad?micos;OTRO;EVN-0001436
337;Taller Hoja de Vida;Otros;OTRO;EVN-0002517
122;DANZA BUTOH;Culturales;CULT;EVN-0003400
165;SEMANA T?CNICA AIChE UNIANDES - Dr. Richard M. Felder;Otros;ACAD;EVN-0000579
605;Conferencia inaugural- Posgrados en Antropolog?a;Acad?micos;ACAD;EVN-0003503
802;Poderes del juez de restituci ?n de tierras y del juez de tutela;Acad?micos;ACAD;EVN-0002569
17;Concierto final Magnificat de Johann Sebastian Bach;Otros;CULT;EVN-0000264
269;Por fin arranca la campa?a;Acad?micos;ACAD;EVN-0003336
74;Concierto de Jazz colombiano con el cuarteto de Ricardo Gallo;Culturales;CULT;EVN-0000038
410;Concierto final Magnificat de Johann Sebastian Bach;Otros;CULT;EVN-0000265
8;Concierto final Magnificat de Johann Sebastian Bach;Otros;CULT;EVN-0000266
534;Algunas pautas en la Historia Econ?mica de Colombia en el siglo XIX;Acad?micos;ACAD;EVN-0000606
655;VI FORO INTERNACIONAL DE DERECHO PRIVADO;Acad?micos;ACAD;EVN-0003842
249;Foro Arrendamiento Y Vivienda Popular En Colombia Como Alter nativa Habitacional;Acad?micos;ACAD;EVN-0003771
275;Lanzamiento del libro ?Pol?ticas antidroga en Colombia: ?xitos, fracasos y extrav?os?;Otros;OTRO;EVN-0000457
834;Foro de educaci?n;Institucionales;OTRO;EVN-0002608
966;Coloquio: Una evaluaci?n de los tribunales de ocupaci?n: de los ocupantes injustos a los grupos no estatales;Acad?micos;ACAD;EVN-0003570
512;Movilidad e infraestructura: Requisitos m?nimos para el desarrollo econ?mico, social y ambiental de Colombia;Acad?micos;ACAD;EVN-0003697
986;An?lisis y prueba en derecho penal y en procesos de res tituci?n de tierras;Acad?micos;ACAD;EVN-0002516
48;Gran Encuentro sobre Movilidad en Bogota;Acad?micos;ACAD;EVN-0003510
272;Bienvenida a padres de estudiantes admitidos en Ingenier?a El?ctrica, Electr?nica, Biom?dica y Qu?mica;Acad?micos;ESPE;EVN-0000739
1047;Numerical development and developmental dyscalculia;Acad?micos;ACAD;EVN-0002617
39;1er Festival de teatro de Los Andes - El Monte Calvo;Otros;CULT;EVN-0000442
740;Tolerancia hacia la diferencia y los retos de las pol?ticas p?blicas;Acad?micos;ACAD;EVN-0001300
319;ASCENSI?N Y CA?DA DE LA CIUDAD DE MAHAGONNY;Otros;CULT;EVN-0000130
419;CONFERENCIA INSIGNE DARCY 2012;Acad?micos;ACAD;EVN-0002420
679;Seminarios Investigaci?n EGOB;Acad?micos;ACAD;EVN-0001465
829;Procedimiento y consecuen cias del fallo Nicaragua Vs. Colombia;Acad?micos;ACAD;EVN-0002491
82;Celebracion Dia del Profesor;Otros;OTRO;EVN-0003308
112;1er Festival de teatro de Los Andes - Muerte accidental de un anarquista;Otros;CULT;EVN-0000439
751;Conferencia: Corrupci?n, contrataci?n, construcci?n;Acad?micos;ACAD;EVN-0002010
51;Concierto Orquesta de los Andes 2009-2;Culturales;CULT;EVN-0000056
320;Foro de Requisitos para realizar grandes proyectos de infraestructura en Colombia;Otros;CULT;EVN-0000243
57;Charla ?The Evolving party system and the expansion of democracy in India?;Otros;ACAD;EVN-0000055
501;Fiesta de Navidad para hijos de profesores y empleados;Especiales;SOCI;EVN-0002401
66;Orquesta Sinf?nica. De Dresde a Dusseldorf;Otros;CULT;EVN-0000168
120;Fiesta de Navidad para hijos de profesores y empleados;Especiales;SOCI;EVN-0002402
214;Concierto de piano: Simon Mulligan;Culturales;CULT;EVN-0000800
849;?C?mo estudiar en el exterior?: London School of Economics and Political Science;Acad?micos;OTRO;EVN-0001668
618;Haciendo realidad un sue?o: Pan Pa?Ya!;Acad?micos;ACAD;EVN-0003582
952;Homenaje al profesor Abelardo Forero Benavides;Culturales;CULT;EVN-0003557
34;Festival de Jazz de Los Andes: Le chat lunatique;Culturales;CULT;EVN-0000929
523;INNOVANDES - EVENTO SEMESTRAL DE INNOVACI?N Y EMPRENDIMIENTO;Otros;OTRO;EVN-0004660
11;Vanitas Libellum;Acad?micos;ACAD;EVN-0003460
380;Presentaci?n Corporativa Virtus Partners;Institucionales;OTRO;EVN-0002543
458;Lanzamiento Maestr?a Salud P?blica ?Revolc?n al sistema de salud?;Acad?micos;ACAD;EVN-0000936
812;Concierto para Flauta y Orquesta. Orquesta Sinf?nica Nacion al de Colombia.;Culturales;CULT;EVN-0003818
392;Seminario De Pol?tica 5 de oct;Acad?micos;ACAD;EVN-0002432
1012;Obra de Teatro Baila conmigo hasta el final del amor;Culturales;CULT;EVN-0003319
744;Oportunidades para los ni?os colombianos: cu?nto avanzamos en esta d?cada;Acad?micos;ACAD;EVN-0000968
692;50 a?os de la alianza para el progreso en Colombia - Seminario Internacional;Acad?micos;ACAD;EVN-0000888
765;Coro de c?mara de la Universidad de los Andes;Culturales;CULT;EVN-0002461
873;Celebraci?n del D?a de la Secretaria;Otros;SOCI;EVN-0000523
232;50 a?os de la alianza para el progreso en Colombia - Seminario Internacional;Acad?micos;ACAD;EVN-0000887
1018;Tertulia tributaria: Tributaci?n de la inversi?n de portafolio;Acad?micos;ACAD;EVN-0001444
237;?C?mo Estudiar en el Exterior?: Oportunidades de Estudio en Holanda;Acad?micos;ACAD;EVN-0001384
601;Mente y cultura: Una mirada desde la Psicolog?a y la Antropolog?a;Otros;ACAD;EVN-0000142
647;Exposici?n Escalando 2011 - Muestra de trabajos y proyectos de estudiantes de arquitectura;Acad?micos;CULT;EVN-0001075
997;La f?rmula de la felicidad;Charlas Volver a los Andes 5, Oculta;ACAD;EVN-0004764
173;Marat ? Sade;Culturales;CULT;EVN-0002181
44;1er Festival de teatro de Los Andes - Divinas palabras;Otros;CULT;EVN-0000445
682;?C?mo Estudiar en el Exterior?: Oportunidades en Estados Unidos.;Especiales;OTRO;EVN-0002191
677;IV CONGRESO DE ECONOM?A COLOMB IANA;Acad?micos;ACAD;EVN-0004137
227;Segundo encuentro hispano colombiano de estudios de la Antig?edad. La po?tica de Plat?n y su recepci?n en la Antig?edad.;Acad?micos;ACAD;EVN-0001133
703;Convocatoria de Intercambios 2012-2;Acad?micos;OTRO;EVN-0001313
936;Academia y conflicto una mirada nacional;Acad?micos;ACAD;EVN-0003762
452;Tertulia tributaria: ?C?mo leer los aspectos tributarios de los tratados de libre comercio?;Acad?micos;CULT;EVN-0002164
556;Coro Uniandes 50 a?os;Culturales;CULT;EVN-0003399
268;Primer Encuentro Colombiano en Biolog?a de Bacteri?fagos y Fagoterapia;Otros;ACAD;EVN-0000190
196;Concierto Orquesta Sinf?nica. Smetana - Mi patria.;Otros;CULT;EVN-0000008
858;Encuentros en Psicolog?a Las Ideas Psicol?gicas;Acad?micos;ACAD;EVN-0002591
644;ORQUESTA FILARM?NICA JUVENIL;Culturales;CULT;EVN-0003432
937;II Foro Nacional de Arquitectura de TI;Acad?micos;CULT;EVN-0001016
633;Violencia sexual y conflicto armado derecho internacional pe rspectivas locales y retos forenses;Acad?micos;ACAD;EVN-0003637
164;6TO FESTIVAL DE JAZZ DE LOS AN DES - BEN VAN DEN DUNGEN;Culturales;CULT;EVN-0004362
732;MUERTE ACCIDENTAL DE UN ANARQUISTA;Culturales;CULT;EVN-0003416
1005;Coro de la Universidad de los Andes Coro de la Universidad de los Andes;Otros;OTRO;EVN-0002545
949;Como Estudiar en el Exterior? Oportunidades de Estudio en Ho landa;Acad?micos;ACAD;EVN-0003414
330;CONCIERTO DE VIOL?N Y PIANO, Yuki Hashimori y Rintaro Akamatsu;Otros;CULT;EVN-0000135
30;El futuro de la econom?a mundial;Acad?micos;ACAD;EVN-0000935
93;Concierto del Coro de C?mara de la Universidad de los Andes;Otros;CULT;EVN-0000272
59;Foro Inversion extranjera y seguridad juridica en Colombia;Acad?micos;ACAD;EVN-0003836
737;Seminario de Investigaci?n GMPP: Una visi?n subalterna del espacio urbano;Acad?micos;ACAD;EVN-0001073
875;MUERTE ACCIDENTAL DE UN ANARQUISTA;Culturales;CULT;EVN-0003410
301;O marinheiro;Culturales;CULT;EVN-0000799
146;Recital: M?sica de c?mara mixta, electroac?stica y video-arte;Culturales;CULT;EVN-0001006
185;Seminario: Nuevo C?digo de procedimiento administrativo y contencioso administrativo;Acad?micos;ACAD;EVN-0000889
746;Concierto del Coro de la Universidad de los Andes;Otros;CULT;EVN-0000236
100;Concierto del Coro de C?mara de la Universidad de los Andes;Otros;CULT;EVN-0000273
684;ORATORIO EL MESIAS DE HANDEL;Culturales;CULT;EVN-0003885
375;Temporada de Teatro 2010-2: Baden: pieza did?ctica sobre el acuerdo;Otros;CULT;EVN-0000198
1017;Falsos recuerdos y el efecto de conformidad: investigaci?n reciente en memoria;Acad?micos;ACAD;EVN-0001254
284;Temporada de Teatro 2009-2 - Ascenci?n y ca?da de la ciudad de Mahagony;Otros;CULT;EVN-0000060
589;FESTIVAL DE JAZZ;Otros;OTRO;EVN-0003595
978;9TH DESIGN AND EMOTION CONFERE NCE - THE COLORS OF CARE;Otros;SOCI;EVN-0003871
733;Concierto ensayo de la Orquesta Sinfonica Las siete ultimas palabras de Cristo Franz Joseph Haydn;Culturales;CULT;EVN-0003805
1043;Un camino hacia la comprensi?n del hijo y la mejora de la c alidad de vida - Taller para familias;Acad?micos;ACAD;EVN-0003531
108;Taller de Pruebas Psicot?cnicas;Egresados;OTRO;EVN-0002548
333;Seminario Internacional - Nuevas perspectivas sobre la Violencia en Colombia;Acad?micos;ACAD;EVN-0002089
216;Congreso Internacional. Calder?n entremesista y el teatro breve del Siglo de Oro en la Pen?nsula y Am?rica;Acad?micos;ACAD;EVN-0001714
1057;Sesión Individual;Práctica Profesional;CTP;CTP-000201610
454;Concierto J?venes promesas Orquesta Sinf?nica Nacional de Colombia;Culturales;OTRO;EVN-0003766
998;Trayectorias sociales de los subsidios en el caso del programa Familias en Acci?n y M?s Familias en Acci?n;Acad?micos;ACAD;EVN-0003682
591;Encuentros en Psicolog?a - ?Causas dentro o fuera?: Matices de la Explicaci?n en psicolog?a;Acad?micos;ACAD;EVN-0001896
58;Lanzamiento del libro: La conformidad en el proceso penal;Acad?micos;OTRO;EVN-0002175
856;ESTRENO CINE 35 MM;Culturales;CULT;EVN-0003483
709;LA OLA THE WAVE;Culturales;CULT;EVN-0003476
20;Bienvenida a Padres de Estudiantes de Primer Semestre 2012-2;Especiales;SOCI;EVN-0002174
535;ORATORIO EL MESIAS DE HANDEL;Culturales;CULT;EVN-0003890
757;Cierre y premiaci?n de las Olimpiadas Internas 2010;Otros;OTRO;EVN-0000182
259;Foro - Cagu?n 10 a?os: m?s all? de un proceso de paz;Acad?micos;ACAD;EVN-0001413
264;Inauguraci?n del Edificio Robe;Culturales;CULT;EVN-0004771
914;C?tedra Congreso - Universidad: 'Participaci?n ciudadana, arencia en la contrataci?n p?blica y rendici?n de cuentas';Acad?micos;ACAD;EVN-0003554
9;Concierto de piano con Patr?n Garc?a Barredo (Espa?a);Otros;CULT;EVN-0000070
1009;Desarrollo de un modelo unificado de Terapia CognoscitivoCon dfulness y los Valores;Acad?micos;ACAD;EVN-0003647
743;Presentaci?n Corporativa LAN Colombia;Institucionales;OTRO;EVN-0002535
23;Debates Contempor?neos en Derecho de Familia (IV Foro Internacional de Derecho Privado);Otros;CULT;EVN-0000074
366;Concierto Homenaje de Uniandinos y Coro de Exalumnos;Culturales;CULT;EVN-0000049
690;Foro Movilidad Uniandina;Acad?micos;ACAD;EVN-0003630
1039;Temporada de Conciertos 20102 Orquesta de la Universidad de los Andes;Culturales;CULT;EVN-0003576
728;Concierto Orquesta Sinf?nica. Debussy, Reinecke, Brahms.;Otros;CULT;EVN-0000011
631;Semana de China: Ciclo de Conferencias;Acad?micos;ACAD;EVN-0001063
584;Concierto del medio d?a: Recital de piano, Esteban Labr ador Obras de: Bach, Beethoven Chopin, Ibarra y Liszt;Culturales;OTRO;EVN-0003620
717;Semana de China: Ciclo de Conferencias;Acad?micos;ACAD;EVN-0001062
517;Presentaci?n Corporativa Intel Tecnolog?a de Colombia;Egresados, Institucionales;SOCI;EVN-0002558
653;Semana de China: Ciclo de Conferencias;Acad?micos;ACAD;EVN-0001061
256;Semana de China: Ciclo de Conferencias;Acad?micos;ACAD;EVN-0001060
388;La Siempreviva;Culturales;CULT;EVN-0002447
1013;Bienvenida a Estudiantes de Posgrados 2011-2;Acad?micos;ACAD;EVN-0003562
116;HangGai Band en concierto;Otros;CULT;EVN-0000006
451;Serie de Invitados Especiales Eduardo Souto de Moura;Acad?micos;ACAD;EVN-0002573
159;Foro: Arrendamiento Y Vivienda Popular En Colombia Como Alternativa Habitacional;Otros;CULT;EVN-0000039
282;Temporada de Teatro 2009-2 - Los F?sicos;Otros;CULT;EVN-0000061
192;La computaci?n visual y sus aplicaciones, Infraestructura y movilidad, Salud, Patrimonio Cultural;Otros;ACAD;EVN-0000018
135;Festival de jazz de Los Andes: Assaf Kehati (Israel);Culturales;CULT;EVN-0002297
219;Seminario de Pol?ticas Culturales ?Por qu? y para qu? invertir en cultura?;Acad?micos;ACAD;EVN-0001427
103;Temporada de Teatro 20092 Los Fisicos;Culturales;CULT;EVN-0003816
243;Foro T?cnico sobre la Primera Infancia;Otros;CULT;EVN-0000312
681;IV Congreso Internacional de Aplicaciones en Citometria de F lujo;Acad?micos;ACAD;EVN-0003763
761;Concierto con la Sociedad Coral Santa Cecilia;Culturales;CULT;EVN-0000048
484;La luz: color y mucho m?s;Charlas Volver a los Andes 5, Oculta;ACAD;EVN-0003684
796;Coloquio: Mujer y movilidad social;Acad?micos;ACAD;EVN-0001700
474;Responsabilidad Social Corporativa e Innovaci?n;Charlas Volver a los Andes 5, Oculta;ACAD;EVN-0003675
318;HangGai Band en concierto;Culturales;CULT;EVN-0003819
694;The PhD Movie;Culturales;CULT;EVN-0001999
742;Taller Mam? retoma su carrera;Especiales;ACAD;EVN-0002169
436;Grupo art?stico Chongqing China;Culturales;CULT;EVN-0002508
540;Alejandro Ria?o presenta su Standup Comedy Cada Ni?o con su Boleta;Culturales;CULT;EVN-0003785
373;Presentaci?n Corporativa Polymath Ventures;Institucionales;OTRO;EVN-0002560
805;Bogot? 21 Hacia una Metropol? Orientada al Trans P?blico;Acad?micos;ACAD;EVN-0002437
106;Alejandro Ria?o presenta su Standup Comedy Cada Ni?o con su Boleta;Culturales;CULT;EVN-0003788
354;Despu?s de la guerra: ?cu?l futuro para las mujeres?;Acad?micos;ACAD;EVN-0002604
205;II Foro Nacional de Arquitectura de TI;Acad?micos;ACAD;EVN-0003323
724;Conferencia de Arquitectura Portuguesa con Goncalo Byrne;Acad?micos;ACAD;EVN-0003856
913;Encuentro con la Constitucion 20 a?os Logros y pendientes;Acad?micos;ACAD;EVN-0003837
804;Lanzamiento del disco Musica Sinfonica de Colombia Vol I;Culturales;CULT;EVN-0003833
775;Temporada de Teatro 2012 -1: Las nubes (Arist?fanes);Acad?micos;ACAD;EVN-0003517
179;Concierto De lo divino y lo humano: cinco siglos de repertorio coral en Europa y Am?rica, a cargo del Coro Uniandes.;Otros;CULT;EVN-0000478
944;VI Congreso Internacional de Derecho Penal 2012: Derecho Penal y Cibercriminalidad;Acad?micos;ACAD;EVN-0002112
400;Temporada de Teatro 2012 -1: Ifigenia en ?ulide (Eur?pides);Culturales;CULT;EVN-0001948
288;Coloquio: Experiencias familiares de personas con orientaciones sexuales diversas;Acad?micos;ACAD;EVN-0001909
401;Tendencias en supervisi?n y regulaci?n tras la crisis financiera de 2008;Acad?micos;ACAD;EVN-0002476
89;1er Festival de teatro de Los Andes - A puerta cerrada;Otros;CULT;EVN-0000449
161;Beneficios del afecto dado y recibido Evidencia intercultura l;Acad?micos;ACAD;EVN-0003878
521;Seminario DePol?tica;Acad?micos;ACAD;EVN-0002521
328;MUERTE ACCIDENTAL DE UN ANARQUISTA;Otros;CULT;EVN-0000132
396;MUERTE ACCIDENTAL DE UN ANARQUISTA;Otros;CULT;EVN-0000131
383;II Ciclo de Conferencias de la Universidad al Mundo Real Miguel Caballero;Acad?micos;ACAD;EVN-0002567
317;FESTIVAL DE JAZZ;Otros;OTRO;EVN-0000212
376;Funci?n contempor?nea del control judicial de procesos electorales;Desconocido;OTRO;EVN-0002428
313;FESTIVAL DE JAZZ;Otros;OTRO;EVN-0000211
358;D?a del Profesor- 2013;Otros;OTRO;EVN-0002532
565;Temporada de teatro: Amor y eternas soledades;Culturales, Temporada de Teatro 2013 - 1;CULT;EVN-0002571
1010;Curso pre-congreso La investigaci?n cualitativa en los estudios sobre riesgos;Acad?micos;OTRO;EVN-0001658
662;Festival Internacional de JAZZ;Culturales;CULT;EVN-0003800
654;Homenaje a Carlos Angulo Galvis;Otros;OTRO;EVN-0003297
794;Foro Distrital sobre Formaci?n Docente;Acad?micos;ACAD;EVN-0002618
628;Fiesta de Navidad para hijos de profesores y empleados;Institucionales;ESPE;EVN-0003295
111;Concierto de M?sica Barroca;Otros;CULT;EVN-0000007
848;Semana de Italia- taller Il corpo in scena;Acad?micos;ACAD;EVN-0001196
260;Orquesta Sinfonica El genio de Salzburgo;Culturales;CULT;EVN-0003311
948;Universidad de los Andes;Acad?micos;ACAD;EVN-0003895
617;Lanzamiento Libro Blanco de Salud - La salud en Colombia;Acad?micos;ACAD;EVN-0003545
27;Dia del Profesor;Culturales;CULT;EVN-0003812
488;Conferencia: El problema del m?todo penal;Acad?micos;ACAD;EVN-0001914
1036;Seminario de Investigaci?n GMPP La interacci?n entre las pol?ticas p?blicas y el derecho constitucional;Acad?micos;ACAD;EVN-0001076
980;Las intervenciones en autismo y Experiencias de investigaci?n alrededor del mundo- Clase magistral para profesionales;Acad?micos;ACAD;EVN-0002001
581;Oportunidades de Becas y Estudios en Taiw?n;Otros;OTRO;EVN-0003614
608;Concierto de clarinete y piano;Culturales;CULT;EVN-0003501
75;Ballet Folcl?rico de la Universidad de Guadalajara;Culturales;CULT;EVN-0001383
984;CONVERSATORIO ? SILENT CRIMINALS OR BRUTAL TRAFFICKERS: UNDERSTANDING DRUG VIOLENCE IN COLOMBIAN AND MEXICAN CITIES;Otros;ACAD;EVN-0000181
522;Orquesta de los Andes;Culturales;CULT;EVN-0001993
188;Concierto de m?sica experimental Thomas Ankersmit y Phill Niblock;Otros;CULT;EVN-0000586
203;V Congreso internacional de derecho penal ?Derecho penal y seguridad vial?;Acad?micos;ACAD;EVN-0000769
155;Temporada de Teatro 2009-2 - Mockinpott;Otros;CULT;EVN-0000062
84;Homenaje a Carlos Angulo Galvi;Acad?micos;ACAD;EVN-0004765
183;Conferencia: Intercambio de sistemas de enjuiciamiento criminal: Europa, Am?rica del Norte y Am?rica Latina;Acad?micos;ACAD;EVN-0001639
847;Semana de Italia- Taller IL MURO, IL CORPO, L?AFFRESCO;Acad?micos;ACAD;EVN-0001230
593;Apprenticeship in Critical Ethnographic Practice;Otros;ACAD;EVN-0000141
36;Bienvenida a Padres de Estudiantes de Primer Semestre 2012-1;Especiales;OTRO;EVN-0001602
622;Seminario DePol?tica - Per? 2010-2011: Continuidades y cambios en la pol?tica sin partidos;Acad?micos;ACAD;EVN-0002198
1006;La innovacion educativa y el desarrollo profesional en las u niversidades del siglo XXI;Acad?micos;ACAD;EVN-0003839
429;Taller de B?squeda de Empleo;Egresados;OTRO;EVN-0002499
43;Foro: La construcci?n del derecho urbano en Colombia. Visio nes enfrentadas;Acad?micos;ACAD;EVN-0003497
97;Concierto Orquesta Sinfonica Smetana Mi patria;Culturales;CULT;EVN-0003391
989;Danza contemporanea Isabelle Schad y Laurent Goldring;Culturales;CULT;EVN-0003365
258;1er Festival de teatro de Los Andes - La revuelta;Otros;CULT;EVN-0000444
441;Festival Universitario de Danza Contempor?nea;Culturales;CULT;EVN-0002457
928;Bienvenida a padres de estudiantes admitidos en Ingenier?a Ambiental, Civil y General;Acad?micos;ESPE;EVN-0000738
691;?C?mo Estudiar en el Exterior?: Becas en Australia;Acad?micos;OTRO;EVN-0001964
267;Cierre y Premiaci?n Olimpiadas Internas 2012;Acad?micos;ACAD;EVN-0003564
955;3er Congreso de Econom?a Colombiana;Acad?micos;ACAD;EVN-0003566
212;Bienvenida a padres de estudiantes primer semestre de pregrado 2011-2;Especiales;SOCI;EVN-0000851
195;CONVERSATORIO: ?HACIA D?NDE VA EL CONFLICTO ARMADO COLOMBIANO?;Otros;ACAD;EVN-0000643
903;Encuentros en Psicolog?a - Conexiones entre la investigaci? n b?sica en neurociencias y cognici?n;Acad?micos;ACAD;EVN-0003507
852;FESTIVAL DE JAZZ;Culturales;CULT;EVN-0003606
421;BIENVENIDA A ESTUDIANTES DE PR IMER SEMESTRE DE PREGRADO;Otros;OTRO;EVN-0003011
855;Concierto de la Orquesta de los Andes;Otros;CULT;EVN-0000116
869;?C?mo estudiar en el exterior?: University of St. Gallen;Especiales;OTRO;EVN-0000954
543;Lanzamiento Libro Blanco de Salud - La salud en Colombia;Acad?micos;OTRO;EVN-0002075
881;Festival de Jazz de Los Andes Le chat lunatique;Culturales;CULT;EVN-0003886
572;II Congreso Internacional de Derecho Procesal: nuevas tendencias del derecho probatorio;Otros;ACAD;EVN-0000099
347;Seminario La Informalidad Laboral;Otros;ACAD;EVN-0000344
656;Ensamble de exploracion vocal de los Andes EEVA;Culturales;CULT;EVN-0003761
1049;Foro: La acusaci?n privada;Acad?micos;ACAD;EVN-0001802
510;M?sica Ficta (Espa?a);Culturales;CULT;EVN-0002497
190;VII Foro Internacional de Derecho Privado: Debates contempor?neos sobre propiedad;Acad?micos;ACAD;EVN-0002104
505;TALLER Tammorra, m?sica y canto popular c?labro-lucanos;Otros;CULT;EVN-0000220
201;Beneficios del afecto dado y recibido: Evidencia intercultural;Acad?micos;ACAD;EVN-0000895
1015;Presentaci?n del libro;Acad?micos;ACAD;EVN-0003598
863;EXPOSICI?N TALLER M?SCARAS VENECIANAS y CONCIERTO Venezia m?sica ?lvaro Huertas, estudiantes m?sicos de la universidad;Otros;CULT;EVN-0000229
33;Seminario de Pol?ticas Culturales ?Por qu? y para qu? inver tir en cultura?;Acad?micos;ACAD;EVN-0003433
172;Orquesta Sinfonica Bohemia;Culturales;CULT;EVN-0003312
877;?C?mo Estudiar en el Exterior?: Oportunidades de estudio en Canad?;Acad?micos;OTRO;EVN-0001763
857;Seminario de Investigaci?n - Mortalidad potencialmente evitable;Acad?micos;ACAD;EVN-0001730
946;SEMINARIO DESARROLLO SOSTENIBL E E INTEGRAL DE LA MOVILIDAD.;Acad?micos;ACAD;EVN-0004140
676;?C?mo Estudiar en el Exterior?: Oportunidades de Estudio en Rusia;Especiales;OTRO;EVN-0001142
578;Conversatorio: R?gimen actual y reforma pensional;Acad?micos;ACAD;EVN-0002528
222;Biocombustibles en Colombia: ?C?mo explotar nuestra biodiversidad para mejoramiento del proceso de obtenci?n?;Acad?micos;ACAD;EVN-0003702
262;Bienvenida a padres de estudiantes admitidos en Ciencias Sociales, 2011-2;Acad?micos;ESPE;EVN-0000736
708;Encuentros en psicolog?a - Seminario de trabajo en toma de decisiones;Acad?micos;ACAD;EVN-0003506
78;La politica internacional sobre refugiados y desplazados;Acad?micos;ACAD;EVN-0003758
374;IV Congreso Internacional de Otolog?a y Audiolog?a;Otros;ACAD;EVN-0000012
1025;TALLER Sensibilizaci?n a la escucha de piezas musicales de compositores cl?sicos italianos.;Otros;OTRO;EVN-0000227
12;?CELEBRACI?N 50 A?OS CARRERA D E MATEM?TICAS;Otros;OTRO;EVN-0004451
912;?Una Coyuntura Geopol?tica Genocida? Contextualizando la destrucci?n de la Uni?n Patri?tica (1980s-2010);Otros;ACAD;EVN-0000419
101;Coloquio de docencia;Acad?micos;OTRO;EVN-0001071
466;Tangokinesis - Homenaje a Piazzolla;Otros;OTRO;EVN-0002473
50;La iniciativa de Innovaci?n y emprendimiento de Uniandes;Acad?micos;ACAD;EVN-0003716
930;Presentaci?n Corporativa Banco Davivienda;Institucionales;OTRO;EVN-0002588
189;SEMANA T?CNICA AIChE UNIANDES - Dr. Michael B. Cutlip;Otros;ACAD;EVN-0000580
450;III Simposio Colombiano sobre Biotecnolog?a Ambiental y III Simposio sobre Digesti?n Anaerobia;Otros;ACAD;EVN-0000030
96;Obra de Teatro Las Convulsiones;Culturales;CULT;EVN-0003632
1026;La innovaci?n educativa y el desarrollo profesional en las universidades del siglo XXI;Acad?micos;ACAD;EVN-0000770
7;BIENVENIDA A ESTUDIANTES DE PO SGRADO 2014-2;Acad?micos;ACAD;EVN-0004151
860;Conferencia: Cortes nacionales como garantes de la justicia internacional;Acad?micos;ACAD;EVN-0003520
868;Taller del Manejo del Tiempo Exclusivo para Practicantes;Otros;OTRO;EVN-0002539
886;Mamour Ba ? El poder del ritmo;Culturales;CULT;EVN-0002472
186;Por fin arranca la campa?a;Otros;ESPE;EVN-0000101
310;Bienvenida Estudiantes de Posgrado 2010-2;Otros;SOCI;EVN-0000206
893;Foro: ?El derecho urbano en la actividad judicial?;Otros;CULT;EVN-0000148
55;Danza contempor?nea: Isabelle Schad y Laurent Goldring;Culturales;CULT;EVN-0001167
548;Concierto J?venes promesas Orquesta Sinf?nica Nacional de Colombia;Otros;CULT;EVN-0000398
210;Financiaci?n a la Investigaci?n - Casos exitosos en Uniandes;Acad?micos;ACAD;EVN-0001072
265;Marguerite Yourcenar y los espejos de la alteridad (Miroirs de l?alt?rit? chez Marguerite Yourcenar);Otros;ACAD;EVN-0000276
94;Concierto: Orquesta de cuerdas Filarmon?a;Culturales;CULT;EVN-0001099
99;Relaciones interamericanas contempor?neas:La soberan?a cambiante de Am?rica Latina;Acad?micos;ACAD;EVN-0001308
241;Bienvenida Estudiantes de Posgrado 2011 - 1;Otros;SOCI;EVN-0000280
879;Architectural Campus Tours;Visitas Arquitect?nicas;ESPE;EVN-0001561
152;Bienvenida a Estudiantes de Posgrados 20112;Acad?micos;ACAD;EVN-0003846
598;Architectural Campus Tours;Visitas Arquitect?nicas;ESPE;EVN-0001562
127;TEMPORADA DE CONCIERTOS 2009- II ORQUESTA DE LOS ANDES;Culturales;CULT;EVN-0000079
223;C?tedra Congreso - Universidad Marco jur?dico para la paz;Acad?micos;ACAD;EVN-0002093
568;Penas y cadenas;Culturales;CULT;EVN-0002445
910;Seminario de Investigaci?n - Redes de discusi?n pol?tica y comportamiento electoral en Bogot?;Acad?micos;ACAD;EVN-0001980
464;Conversatorio: C?mo aprender a criticar sin perder la cordura: arte, cine y televisi?n;Acad?micos;ACAD;EVN-0003679
285;Como Estudiar en el Exterior? Oportunidades de Estudio en Ru sia;Otros;OTRO;EVN-0003358
460;Inauguraci?n - Exposici?n de la VII Bienal Iberoamericana de Arquitectura y Urbanismo;Acad?micos;CULT;EVN-0000934
60;Show de Danza y desfile de trajes t?picos;Otros;CULT;EVN-0000053
197;Evidence-based Psychotherapy and the Future of Clinical Psychology;Acad?micos;ACAD;EVN-0001341
874;La persistencia de la concentracion de la tierra en Colombia Que paso entre 2000 y 2010?;Acad?micos;ACAD;EVN-0003324
970;VII Foro Internacional de Derecho Privado: Debates contempo r?neos sobre propiedad;Acad?micos;ACAD;EVN-0003560
226;Encuentros en Psicolog?a - V?nculos entre el aprendizaje de lenguajes en humanos y canciones en aves;Acad?micos;ACAD;EVN-0001894
700;Ballet Cont?mpora;Acad?micos;ACAD;EVN-0003451
1004;1er Festival de teatro de Los Andes Concierto de clausura;Culturales;CULT;EVN-0003783
340;?C?mo estudiar en el Exterior? Johns Hopkins University.;Acad?micos;ACAD;EVN-0002303
79;Gran concierto de gala;Culturales;CULT;EVN-0001382
472;Por qu? los matem?ticos son personas exitosas: los efectos de la persistencia, la curiosidad y el pensamiento ?tico;Acad?micos;ACAD;EVN-0003685
837;Conferencia: Una justificaci?n del castigo extraterritorial en el derecho internacional contempor?neo;Acad?micos;ACAD;EVN-0002130
2;Foro Abriendo puertas para la investigaci?n cient?fica en Colombia: Obtenci?n de permisos de investigaci?n, contratos de acceso a recurso gen?tico y colecciones biol?gicas;Acad?micos;ACAD;EVN-0002235
67;Seminarios de Investigaci?n EGOB - Reflexiones sobre las teor?as (econ?micas) de la justicia;Acad?micos;ACAD;EVN-0001467
351;Great Voices of Gospel;Culturales;CULT;EVN-0002142
428;Academia y conflicto, una mirada nacional;Otros;CULT;EVN-0000371
444;Dia del Profesor;Otros;SOCI;EVN-0000644
597;Misa No. 12 en Si bemol Mayor ?Theresienmesse? de Joseph Haydn;Otros;CULT;EVN-0000149
599;Justicia o paz en un Acto: implicaciones jur?dicas y pol?ti cas del Marco Jur?dico para la Paz;Acad?micos;ACAD;EVN-0003523
455;Conferencia: Aceptaci?n y cambio en la terapia de pareja;Acad?micos;ACAD;EVN-0002147
524;BRTs, ?qu? sigue?;Acad?micos;OTRO;EVN-0002671
76;Gran concierto de gala;Culturales;CULT;EVN-0001378
905;Presentaci?n propuesta de un nuevo c?digo penitenciario y carcelario;Acad?micos;OTRO;EVN-0001746
121;VI Jornadas GECTI de Actualizaci?n en Internet, Comercio Electr?nico, Telecomunicaciones e Inform?tica;Otros;ACAD;EVN-0000080
181;Hamlet ? Theatre Troupe Georipae (Corea);Culturales;CULT;EVN-0001884
541;?C?mo Estudiar en el Exterior?;Acad?micos;ACAD;EVN-0004777
423;Obra de Teatro: Baila conmigo hasta el final del amor;Culturales;CULT;EVN-0000994
766;Nuevo estatuto de arbitraje internacional;Acad?micos;ACAD;EVN-0002453
1008;?C?mo Estudiar en el Exterior?: Universidad de San Diego;Acad?micos;OTRO;EVN-0001920
184;Concierto Orquesta Sinfonica Nacional de Colombia;Culturales;CULT;EVN-0003273
246;Seminario de electr?nica de potencia, gesti?n de energ?as renovables y redes inteligentes;Otros;ACAD;EVN-0000296
643;Pontificia Universidad Javeriana;Acad?micos;ACAD;EVN-0000939
823;Recital: M?sica Rediviva;Acad?micos;ACAD;EVN-0003678
845;El Objeto de la Psicolg?a: El alma como cultura encarnada;Acad?micos;ACAD;EVN-0002462
175;Seminario internacional: la gesti?n colectiva del derecho de autor y los derechos conexos;Acad?micos;ACAD;EVN-0001753
539;?C?mo Estudiar en el Exterior?: Convocatoria de Intercambios 2013-1;Acad?micos;OTRO;EVN-0002031
500;Coloquio Red Iberoamericana de Investigadores sobre la Evaluaci?n de la Docencia;Acad?micos;ACAD;EVN-0000974
480;Dia de la Secretaria;Acad?micos;SOCI;EVN-0001827
158;Recital de piano - Blanca Uribe;Otros;CULT;EVN-0000418
872;Festival de Jazz de Los Andes Andres Ortiz Trio;Culturales;CULT;EVN-0003887
754;Seventh Annual International Engineering, Social Justice and Peace (ESJP) Conference;Acad?micos;ACAD;EVN-0000635
963;Orquesta de la Universidad de los Andes;Culturales;CULT;EVN-0002233
580;Charla Convenio con Georgetown University;Otros;OTRO;EVN-0003592
1062;Taller Manejo Tiempo;Práctica Profesional;CTP;CTP-000201620
832;Visitas Guiadas Arquitect?nicas al Campus;Visitas Arquitect?nicas;ESPE;EVN-0001525
1040;Concierto de piano con Patrin Garcia Barredo Espa?a;Culturales;CULT;EVN-0003830
456;Conversatorio con el Presidente Alvaro Uribe Velez COLOMBIA EN EL MUNDO 2002 2010;Acad?micos;ACAD;EVN-0003448
965;The International Society for the Philosophy of Chemistry - Summer symposium 2011;Acad?micos;ACAD;EVN-0000483
941;Encuentro egresados San Francisco 2006;Egresados;SOCI;EVN-0002416
476;Inauguraci?n del Edificio Roberto Franco;Acad?micos;OTRO;EVN-0002136
529;Presentaci?n Corporativa Microsoft;Institucionales;OTRO;EVN-0002530
922;Foro: Industrias extractivas y comunidades ind?genas y afrocolombianas;Acad?micos;ACAD;EVN-0002460
542;Foro: Las garant?as de no repe tici?n desde la perspectiva comparada;Acad?micos;ACAD;EVN-0002482
616;Dia de la Secretaria;Culturales;CULT;EVN-0003495
945;Presentaci?n del informe: Impunidad sin fin;Acad?micos;ACAD;EVN-0002613
360;Presentaci?n Corporativa McKinsey n Company;Otros;OTRO;EVN-0002542
384;FESTIVAL DE JAZZ;Otros;CULT;EVN-0000217
1058;Taller Manejo Tiempo;Práctica Profesional;CTP;CTP-000201619
779;CONVOCATORIA INTERCAMBIOS 2014-1;Acad?micos, Institucionales;ACAD;EVN-0002494
341;FESTIVAL DE JAZZ;Otros;CULT;EVN-0000213
294;Conversatorio con Arturo Valenzuela Relaciones Estados Unido s Colombia;Acad?micos;ACAD;EVN-0003442
1054;Taller Manejo Tiempo;Práctica Profesional;CTP;CTP-000201610
344;Will Europe Survive the Current Crisis?;Acad?micos, Especiales, Institucionales;ACAD;EVN-0002566
217;Business breakfast - ?Social Media as a Tool to Boost your Career and your Business?;Especiales;OTRO;EVN-0001362
329;Ballet cl?sico de Cuba;Culturales;CULT;EVN-0001191
895;I Encuentro de Estudiantes de Doctorado en Derecho;Acad?micos;ACAD;EVN-0002005
242;Seoul Ballet Theatre: Communique;Culturales;OTRO;EVN-0002286
102;DEBATE CON CANDIDATOS PARA EL SENADO DE LA REPUBLICA;Acad?micos;ACAD;EVN-0003133
290;Vanitas Libellum;Acad?micos;ACAD;EVN-0001620
828;Concierto del Coro de Camara de la Universidad de los Andes;Culturales;CULT;EVN-0003644
911;Congreso internacional de Medicina Reproductiva;Acad?micos;ACAD;EVN-0000277
651;Concierto del Coro de Camara de la Universidad de los Andes;Culturales;CULT;EVN-0003645
739;Proyecto Saber 11;Acad?micos;OTRO;EVN-0002371
438;Foro 4G Oportunidades y retos de la tec 4G para Colombia;Acad?micos;ACAD;EVN-0002493
969;Foro: C?digo General del Proceso;Acad?micos;ACAD;EVN-0003578
996;Nuevos retos en la exploraci?n c?smica;Charlas Volver a los Andes 5, Oculta;ACAD;EVN-0003715
72;M?sica Barroca concierto de Richard Stone y Gwyn Roberts (laud y flauta);Culturales;CULT;EVN-0000037
519;Justicia o paz en un Acto: implicaciones jur?dicas y pol?ticas del Marco Jur?dico para la Paz;Acad?micos;CULT;EVN-0001985
69;IV Congreso Internacional de Aplicaciones en Citometr?a de Flujo;Otros;ACAD;EVN-0000034
323;Del jard?n a la escuela: Implicaciones del cuidado infantil temprano para la vida escolar;Otros;ACAD;EVN-0000256
983;Primeras Jornadas Internacionales de Autismo;Acad?micos;ACAD;EVN-0001979
799;Mitos y verdades de la Agencia Nacional de Defensa Jur?dica del Estado;Acad?micos;ACAD;EVN-0002594
763;Tributaci?n y ?tica. El impacto de la Ley 1607 de 2012;Charlas Volver a los Andes 5, Oculta;ACAD;EVN-0003663
627;Fiesta de fin de a?o Direccion de Desarrollo;Especiales;ESPE;EVN-0003420
750;Tertulia Notas de Pol?tica - Narcotr?fico y lavado de activos;Acad?micos;OTRO;EVN-0002094
417;Presentaci?n Corporativa 3M Colombia;Institucionales;OTRO;EVN-0002519
387;Conferencia Presidente de la Rep?blica Federal de Alemania;Otros;OTRO;EVN-0002568
254;Orquesta Sinf?nica. Bohemia.;Otros;CULT;EVN-0000125
177;Ballet clasico de Cuba;Culturales;CULT;EVN-0003370
726;Presentaci?n Corporativa Kimberly Clark;Egresados, Institucionales;SOCI;EVN-0002606
990;Oportunidades de Estudio en Japon;Acad?micos;ACAD;EVN-0003366
511;Conferencia: COLFUTURO;Egresados, Institucionales;ESPE;EVN-0002495
659;Orquesta de Los Andes;Culturales;CULT;EVN-0001065
979;Estudios en Estados Unidos;Acad?micos;OTRO;EVN-0001669
842;Conversatorio EGOB Desarrollo inclusivo y discapacidad;Acad?micos, Especiales;ACAD;EVN-0002605
916;Conferencia: ?C?mo Estudiar en el Exterior?: ?C?mo Planear Estudios de Posgrado en el Exterior?;Acad?micos;OTRO;EVN-0001029
549;50 a?os de la alianza para el progreso en Colombia Seminari o Internacional;Acad?micos;ACAD;EVN-0003875
602;Concierto Programa Infantil;Otros;CULT;EVN-0000095
831;50 a?os de la alianza para el progreso en Colombia Seminari o Internacional;Acad?micos;ACAD;EVN-0003876
1051;Taller Comunicación;Práctica Profesional;CTP;CTP-000201520
489;Architectural Campus Tours;Visitas Arquitect?nicas;ESPE;EVN-0001538
1024;La historia del Derecho a trav?s del Arte;Charlas Volver a los Andes 5, Oculta;ACAD;EVN-0003659
586;?Real Time Simulation?: Nuevas oportunidades para el an?lisis de sistemas de potencia;Acad?micos;ACAD;EVN-0003704
898;Conversatorio Mujeres abogadas;Acad?micos;ACAD;EVN-0002443
24;Festival de jazz de Los Andes: Aflamenkaos y S?ncopa (Colom bia);Culturales;CULT;EVN-0003611
449;?C?mo Estudiar en el Exterior?: Melbourne University;Acad?micos;OTRO;EVN-0001779
575;IV Congreso Internacional de Derecho Procesal;Acad?micos;ACAD;EVN-0001371
908;Despedida de fin de a?o Vicer rector?a Desarrollo y Egresados;Otros;OTRO;EVN-0002486
10;Conferencia: Intervenci?n penal frente a los delitos de odio y discriminaci?n;Acad?micos;ACAD;EVN-0002206
532;Bienvenida Estudiantes de Posgrado 2011 1;Especiales;ESPE;EVN-0003282
379;IV Congreso Internacional de Derecho Penal: Derecho Penal y Comunicaci?n.;Otros;ACAD;EVN-0000177
884;EEVA Ensamble de exploraci?n vocal de los Andes;Culturales;CULT;EVN-0002474
207;Cine Foro Cider;Otros;CULT;EVN-0000471
782;INAUGURACI?N DEL CAP?TULO SPE UNIANDES (SOCIETY OF PETROLEUM ENGINEERS);Acad?micos;ACAD;EVN-0004432
273;Gran Encuentro sobre Movilidad en Bogota;Acad?micos;OTRO;EVN-0001908
497;Conferencia: ?C?mo Estudiar en Espa?a?;Acad?micos;OTRO;EVN-0001475
767;Presentaci?n Corporativa Corficolombiana;Institucionales;OTRO;EVN-0002587
935;CONTRA EL TEDIO DE LA PSICOLOGiA SOCIAL REPENSAR Y REHACER U NA PSICOLOGiA SOCIAL CABAL;Acad?micos;ACAD;EVN-0003840
789;Bienvenida Estudiantes de Posgrado 2011 - 1;Otros;OTRO;EVN-0003655
32;?C?mo estudiar en el exterior? Divulgaci?n becas Fulbright;Acad?micos;OTRO;EVN-0001435
902;Semana de Italia-taller IL MURO, IL CORPO, L?AFFRESCO;Acad?micos;ACAD;EVN-0001192
266;The PhD Movie;Acad?micos;ACAD;EVN-0003525
420;Democracia local en Colombia 2011 ?Entre la consolidaci?n y la precariedad?;Acad?micos;ACAD;EVN-0001326
788;El debate constitucional alrededor de la salud (Sentencia T-760 de 2008);Acad?micos;ACAD;EVN-0002538
915;Master Class con Misia;Acad?micos, Semana de Portugal;ACAD;EVN-0002585
292;Conferencia: ?C?mo Conseguir una Beca? Lo que a uno no le cuentan.;Especiales;OTRO;EVN-0001334
760;Visitas Arquitect?nicas al Campus Noviembre;Institucionales, Visitas Arquitect?nicas;OTRO;EVN-0002468
42;ESTRENO CINE 35 MM;Otros;CULT;EVN-0000164
846;Seminario Inaugural de la C?tedra de Estudios Portugueses del Instituto Cam?es en Colombia: Los trabajos y los d?as de Jorge de Sena;Acad?micos;ACAD;EVN-0001397
678;Oportunidades para los ni?os colombianos cuanto avanzamos en esta decada;Acad?micos;ACAD;EVN-0003901
278;Concierto de Musica Barroca;Culturales;CULT;EVN-0003367
507;Proceso de paz;Charlas Volver a los Andes 5, Oculta;ACAD;EVN-0003690
414;De la creatividad a la innovaci?n en un mundo real;Acad?micos;ACAD;EVN-0002332
932;Seminario de Investigacion - ?Restricciones al porte de armas reduce la violencia?;Acad?micos;ACAD;EVN-0001429
554;Bienvenida a Estudiantes de Posgrados 2012-2;Especiales;ESPE;EVN-0002109
975;Conversaci?n con la Viceministra de Infraestructura, Dra. Mar?a Constanza Garc?a, sobre el desarrollo de infraestructura portuaria, vial, fluvial y f?rrea hoy en Colombia.;Acad?micos;ACAD;EVN-0002045
113;Relational Being: Theory and Practice;Acad?micos;ACAD;EVN-0001119
784;MIAMI STRING QUARTET;Culturales;CULT;EVN-0004487
1053;Sesión Individual;Práctica Profesional;CTP;CTP-000201520
252;VI FORO INTERNACIONAL DE DERECHO PRIVADO;Acad?micos;CULT;EVN-0000775
92;Teatro Arlequin servidor de dos patrones;Culturales;CULT;EVN-0003364
435;Los desaf?os de Bogot? y su perspectiva al futuro;Acad?micos;ACAD;EVN-0002448
968;Conferencia: Corrupci?n, contrataci?n, construcci?n;Culturales;CULT;EVN-0003535
326;Concierto El Prestige de la Trompeta;Culturales;CULT;EVN-0003573
468;Visita guiada - Exposici?n Fernando Pessoa: ''El mito y las m?scaras'';Culturales;CULT;EVN-0000937
140;Inauguraci?n edificios IP y H;Otros;SOCI;EVN-0000202
171;Foro Las Caras del Senado;Otros;CULT;EVN-0000522
289;Presentacion de publicaciones 2011 de la Facultad de Ciencia s Sociales y conferencia de Saskia Sassen;Otros;OTRO;EVN-0003384
331;Foro Caguan 10 a?os mas alla de un proceso de paz;Acad?micos;ACAD;EVN-0003430
439;Teor?as cr?ticas del Derecho: perspectivas para la trans formaci?n social;Acad?micos;ACAD;EVN-0002562
731;Seminario La crisis en Mali y sus impactos en el sistema internacional;Otros;OTRO;EVN-0002504
1034;Sostenibilidad fiscal: ?garantiza o restringe los derechos fundamentales?;Acad?micos;ACAD;EVN-0002559
710;University of Technology - Sydney;Acad?micos;OTRO;EVN-0002244
126;LAS BODAS DE FIGARO - ?pera en cuatro actos con m?sica de Wolfgang Amadeus Mozart;Otros;CULT;EVN-0000078
833;Concierto de Jazz colombiano con el cuarteto de Ricardo Gall o;Culturales;CULT;EVN-0003303
801;Visita del Gobernador del estado de Massachusetts, Deval Patrick;Otros;OTRO;EVN-0002509
718;III Encuentro Colombiano de Micro y Nanotecnolog?a;Acad?micos;ACAD;EVN-0000776
235;III Congreso Internacional de Derecho Procesal: Independencia y Autonom?a Judicial;Otros;ACAD;EVN-0000268
381;Orquesta de los Andes;Otros;CULT;EVN-0000249
131;Festival de jazz de Los Andes: Ogmios (Colombia);Culturales;CULT;EVN-0002299
1052;Taller Situaciones Difíciles;Práctica Profesional;CTP;CTP-000201520
1014;Foro: Reforma a la justicia: razones para salvarla o hundir la;Acad?micos;ACAD;EVN-0003496
663;ASCENSIoN Y CAiDA DE LA CIUDAD DE MAHAGONNY;Culturales;CULT;EVN-0003406
1021;Seminario Inaugural de la C?tedra de Estudios Portugueses del Instituto Cam?es en Colombia: Los trabajos y los d?as de Jorge de Sena;Acad?micos;ACAD;EVN-0001375
357;Homenaje a Bertolt Brecht: Ascensi?n y ca?da de la ciudad de Mahagonny;Otros;CULT;EVN-0000189
483;Semana de Italia- taller de fon?tica Laboratorio multimediale di fonetica italiana;Acad?micos;ACAD;EVN-0001193
402;Presentaci?n Corporativa Procter n Gamble;Otros;OTRO;EVN-0002506
515;V FORO INTERNACIONAL DE DERECHO PRIVADO: Unificaci?n y modernizaci?n del r?gimen de las obligaciones y los contratos;Otros;CULT;EVN-0000214
322;Situaci?n de la salud en Colombia;Charlas Volver a los Andes 5, Oculta;ACAD;EVN-0003691
839;El espacio ultraterrestre. Nueva frontera del derecho internacional. La Constituci?n colombiana y la ?rbita de los sat?lites geoestacionarios;Acad?micos;ACAD;EVN-0003662
569;Ciclo de cine portugu?s - Vou para casa;Culturales;CULT;EVN-0000817
411;Sorteo iPad de 16GB WiFi;Otros;OTRO;EVN-0002505
882;Efectividad del SIDH e impleme ntaci?n de sus decisiones;Acad?micos;ACAD;EVN-0002488
686;Pontificia Universidad Javeriana;Acad?micos;ACAD;EVN-0003896
493;Encuentros de la Facultad de Ciencias Sociales;Acad?micos;ACAD;EVN-0002368
641;Marguerite Yourcenar y los espejos de la alteridad Miroirs d e lalterite chez Marguerite Yourcenar;Acad?micos;ACAD;EVN-0003648
929;Bienvenida a padres de estudiantes admitidos en Ingenier?a Mec?nica y de Sistemas y Computaci?n;Acad?micos;ESPE;EVN-0000750
560;ESPECT?CULO TEATRAL Viaggio all?inferno (Viaje al infierno) Collettivo Errante y DEBATE;Otros;CULT;EVN-0000226
738;ESPECT?CULO TEATRAL Viaggio all?inferno (Viaje al infierno) Collettivo Errante y DEBATE;Otros;CULT;EVN-0000225
125;Obra de teatro: Una libra de Antonia (Versi?n libre a partir de ?El Mercader de Venecia?, de William Shakespeare);Otros;CULT;EVN-0000066
960;Seminario: Estudio preliminar en casos de violencia sexual contra personas con discapacidad en Bogot?;Acad?micos;ACAD;EVN-0003572
19;OPEN DAY POSGRADOS 2014-1;Acad?micos;ACAD;EVN-0003099
107;Conferencia de Arquitectura Portuguesa con Gon?alo Byrne;Acad?micos;ACAD;EVN-0000802
725;Recital de Guitarra Cl?sica;Culturales;CULT;EVN-0002076
225;Orquesta Sinf?nica. En francais.;Otros;CULT;EVN-0000124
393;Presentaci?n Corporativa Tradeco;Institucionales;OTRO;EVN-0002554
486;Primer cap?tulo de estudiantes de la Asociaci?n Americana de Ingenier?a Qu?mica (AIChE) en Suram?rica;Otros;CULT;EVN-0000106
37;1er Festival de teatro de Los Andes - El c?ntaro roto;Otros;CULT;EVN-0000447
297;Encuentro ??Creencia y Verdad?? - Facultad de Ciencias Sociales;Acad?micos;CULT;EVN-0001596
416;Presentaci?n Corporativa BASF Qu?mica;Institucionales;OTRO;EVN-0002524
705;ESTRENO DE CINE 35 mm Millennium 1;Culturales;CULT;EVN-0003475
947;La vivienda en Am?rica Latina: revisando estrategias;Acad?micos;CULT;EVN-0000952
372;Presentaci?n de La Tropa de M?sica y Folklore de la Universidad de Jilin.;Otros;OTRO;EVN-0000129
566;Charla Tecnocracia y democracia tecnicos economicos en Colo mbia y Peru Por Eduardo Dargent;Acad?micos;ACAD;EVN-0003852
363;Coloquio en el Centenario del Nacimiento de Nicolas Gomez-Da vila;Acad?micos;ACAD;EVN-0002709
162;Homenaje a Carlos Angulo Galvis;Acad?micos;SOCI;EVN-0001021
918;Coloquio: Experiencias familiares de personas con orientaci ones sexuales diversas;Acad?micos;ACAD;EVN-0003511
29;Conversatorio: La sentencia condenatoria contra Baltazar Garz?n: tres perspectivas;Acad?micos;ACAD;EVN-0001455
156;Seminario Nuevo Codigo de procedimiento administrativo y con tencioso administrativo;Acad?micos;ACAD;EVN-0003877
940;Presentaci?n del libro;Acad?micos;OTRO;EVN-0002242
491;C?tedra Congreso - Universidad: ''Participaci?n ciudadana, transparencia en la contrataci?n p?blica y rendici?n de cuentas'';Acad?micos;ACAD;EVN-0001819
658;Concierto Orquesta de Los Andes;Acad?micos;CULT;EVN-0001655
704;Conversatorios Presidenciales 2010 GUSTAVO PETRO;Acad?micos;ACAD;EVN-0003474
244;Coloquio de docencia Uniandes;Acad?micos;ACAD;EVN-0002202
594;Foro Convenci?n Sobre los Derechos de las Personas con Discapacidad. PARTICIPACI?N EFECTIVA DE LAS PERSONAS CON DISCAPACIDAD: MECANISMOS PARA HACER DE LOS DERECHOS HUMANOS UNA REALIDAD;Otros;CULT;EVN-0000093
335;Coro de C?mara de la Universidad de los Andes;Culturales;CULT;EVN-0001205
667;Bienvenida Estudiantes de Posgrado 20102;Especiales;ESPE;EVN-0003293
15;Salvaje - Video performance;Acad?micos;ACAD;EVN-0003584
356;Orquesta Sinfonica Nacional Ju ntos, Cocteau y Satie se las T raen!;Culturales;CULT;EVN-0002682
22;Festival de Jazz de Los Andes: Sofia Ribeiro y Bola de Sab?o;Culturales;CULT;EVN-0000931
1002;Nutrigen?mica: C?mo tus genes interact?an con lo que comes;Charlas Volver a los Andes 5, Oculta;ACAD;EVN-0003664
813;?El ocaso de la Eurozona? Geopol?tica de la crisis de la deuda soberana en Europa;Acad?micos;ACAD;EVN-0001852
412;El efecto del cambio de tarjeta electoral del 2011;Acad?micos;ACAD;EVN-0001302
145;Inducci?n maestr?as Facultad de Administraci?n;Acad?micos;SOCI;EVN-0000973
753;Primer encuentro internacional de Estudios Cr?ticos de las transiciones pol?ticas. Violencia, sociedad y memoria;Otros;OTRO;EVN-0000408
525;Temporada de teatro: Las nubes;Culturales, Temporada de Teatro 2013 - 1;CULT;EVN-0002570
570;Foro: Inversi?n extranjera y seguridad jur?dica en Colombia;Acad?micos;CULT;EVN-0000765
612;Paisaje, historia y literatura en el archipi?lago del Caribe;Otros;ACAD;EVN-0000637
1032;Planeaci?n de Estudios de Posgrado en el Exterior;Acad?micos;OTRO;EVN-0002243
88;Financiacion a la Investigacion Casos exitosos en Uniandes;Acad?micos;ACAD;EVN-0003340
876;?C?mo Estudiar en el Exterior?: Swansea University;Acad?micos;OTRO;EVN-0001717
772;Tertulia tributaria: Foreign Account Tax Compliance Act - FATCA;Acad?micos;ACAD;EVN-0002477
386;Concierto: Descubriendo a Brah ms;Culturales;OTRO;EVN-0002436
1020;Obra de Teatro Gargantua;Culturales;CULT;EVN-0003870
426;?C?mo Estudiar en el Exterior?: Oportunidades de financiaci?n - COLFUTURO;Acad?micos;OTRO;EVN-0001919
668;Universidad Nacional de Colombia;Acad?micos;ACAD;EVN-0000940
134;II Congreso de Econom?a Colombiana - 2010;Otros;ACAD;EVN-0000201
632;XX FERIA DE PRACTICA Y LABORAL DIA 1;Otros;SOCI;EVN-0003910
851;Taller de ilustraci?n digital;Charlas Volver a los Andes 5, Oculta;ACAD;EVN-0003710
862;Conferencia inaugural Posgrados Facultad de Ciencias Social es;Acad?micos;ACAD;EVN-0003624
900;Presentaci?n Corporativa Imaginamos;Institucionales;OTRO;EVN-0002513
610;Festival de jazz de Los Andes:;Culturales;CULT;EVN-0003610
614;Temporada de Teatro 2012 -1: Ifigenia en ?ulide (Eur?pides);Culturales;CULT;EVN-0003518
696;Concierto de la Orquesta de Los Andes;Otros;CULT;EVN-0000591
991;Festival de jazz de Los Andes:;Culturales;CULT;EVN-0003612
557;Concierto El Prestige de la Trompeta;Otros;CULT;EVN-0000200
153;Festival Internacional de JAZZ;Otros;CULT;EVN-0000052
840;Bienvenida a padres de estudiantes admitidos en Ingenier?a Industrial;Acad?micos;ESPE;EVN-0000749
148;Festival Internacional de JAZZ;Otros;CULT;EVN-0000050
150;Festival Internacional de JAZZ;Otros;CULT;EVN-0000051
625;La boda de los peque?oburgueses;Culturales;CULT;EVN-0003786
144;Alejandro Ria?o presenta su Stand-up Comedy ?Cada Ni?o con su Boleta?;Otros;CULT;EVN-0000043
168;ESPECT?CULO TEATRAL Nonni e avi (Abuelos y ancestros) Collettivo Errante y DEBATE;Otros;CULT;EVN-0000228
487;Semana de Italia- Taller de fon?tica Laboratorio multimediale di fonetica italiana;Acad?micos;ACAD;EVN-0001190
141;Alejandro Ria?o presenta su Stand-up Comedy ?Cada Ni?o con su Boleta?;Otros;CULT;EVN-0000041
114;CORO CAIUS CONSORT;Culturales;CULT;EVN-0004226
342;Encuentros en Psicolog?a Liderazgo Transformacional;Acad?micos;ACAD;EVN-0002592
674;IX Jornadas de Contrataci?n Estatal ?Crisis de la contrataci?n estatal?;Acad?micos;ACAD;EVN-0001118
470;Retos para el desarrollo sostenible;Charlas Volver a los Andes 5, Oculta;ACAD;EVN-0003671
364;Conferencia Inaugural de Posgrados-Facultad de Ciencias Sociales;Acad?micos;ACAD;EVN-0002510
98;Recital de piano Blanca Uribe;Culturales;CULT;EVN-0003787
218;Conferencia inaugural- Posgrados en Antropolog?a;Acad?micos;ACAD;EVN-0001893
25;Concierto de piano Simon Mulligan;Culturales;CULT;EVN-0003855
371;Presentaci?n Corporativa SAP Colombia;Institucionales;OTRO;EVN-0002597
498;Interrupci?n voluntaria del embarazo y drogas, ?son problemas de Salud P?blica?;Acad?micos;ACAD;EVN-0003694
3;LAS BODAS DE FIGARO opera en cuatro actos con musica de Wol fgang Amadeus Mozart;Culturales;CULT;EVN-0003298
611;Inauguraci?n del Edificio Roberto Franco (Bloques G y Gb);Culturales, Especiales, Institucionales;ACAD;EVN-0003571
80;12o Congreso Internacional de Filosof?a de la Educaci?n;Otros;ACAD;EVN-0000036
149;La persistencia de la concentraci?n de la tierra en Colombia: ?Qu? pas? entre 2000 y 2010?;Acad?micos;CULT;EVN-0001019
921;Primera Infancia;Charlas Volver a los Andes 5, Oculta;OTRO;EVN-0002634
736;Presentaci?n obra Divinas Palabras ? Teatro Libre;Otros;CULT;EVN-0000140
660;Festival Internacional de JAZZ;Culturales;CULT;EVN-0003799
418;Represiones y levantamientos en el Norte de ?frica;Otros;ACAD;EVN-0000290
838;Coloquio: Una evaluaci?n de los tribunales de ocupaci?n: de los ocupantes injustos a los grupos no estatales;Acad?micos;ACAD;EVN-0002131
880;International Conference on Arginine and Pyrimidines 2012;Acad?micos;ACAD;EVN-0001617
424;SEMINARIO INTERNACIONAL TRATAMIENTO DE AGUA EN LA INDUSTRIA PETROLERA Experiencia desde el sector acad?mico e industrial;Otros;ACAD;EVN-0000254
119;Intergroup relations in a divided society: Lessons from Northern Ireland;Acad?micos;ACAD;EVN-0000320
973;Encuentro con los escritores portugueses Gast?o Cruz e In?s Pedrosa;Otros;OTRO;EVN-0002582
407;Foro: La construcci?n del derecho urbano en Colombia. Visiones enfrentadas;Acad?micos;CULT;EVN-0001851
247;Coctel de Bienvenida a los Profesores;Especiales;ESPE;EVN-0003281
422;Seminario y Rueda de Inversio nes New Ventures Colombia 2013;Otros;OTRO;EVN-0002515
536;Concierto Orquesta de la Universidad de los Andes;Culturales;CULT;EVN-0000729
573;Tercer Seminario Internacional de Ingenieros Sin Fronteras;Acad?micos;ACAD;EVN-0000574
719;Recital de piano: Juan Jos? Chuquisengo (Per?);Culturales;CULT;EVN-0002023
166;Salvaje - Video performance;Culturales;CULT;EVN-0002183
316;Violencia, drogas y narcotr?fico en M?xico, Centroam?rica y Colombia;Acad?micos;ACAD;EVN-0000845
780;Y despu?s de siete a?os de Justicia y Paz, ?qu? piensan los colombianos?;Acad?micos;OTRO;EVN-0002481
338;Foro internacional ?Midiendo el Derecho: el uso de indicadores en el ejercicio poder global?;Otros;CULT;EVN-0000154
40;Sexualidad a lo largo de la vida: de la investigaci?n a la acci?n;Charlas Volver a los Andes 5, Oculta;ACAD;EVN-0003656
503;TALLER Elaboraci?n de m?scaras venecianas;Otros;OTRO;EVN-0000222
157;Coctel de Bienvenida a los Profesores;Otros;SOCI;EVN-0000287
229;Foro: Reforma a la justicia: razones para salvarla o hundirla;Acad?micos;CULT;EVN-0001848
315;Orquesta Sinf?nica. Estaba la madre.;Otros;CULT;EVN-0000127
583;Seminario DePol?tica: Institutions, Accountability, and Conditional Economic Voting in Latin America;Acad?micos;ACAD;EVN-0001439
776;Seminario: Comunidades de base y derechos humanos;Acad?micos;ACAD;EVN-0002503
397;?C?mo estudiar en el Exterior? Oportunidades de Estudio en Brasil;Acad?micos;OTRO;EVN-0002446
762;Debates Contemporaneos en Derecho de Familia IV Foro Interna cional de Derecho Privado;Acad?micos;ACAD;EVN-0003841
650;3er Congreso de Econom?a Colom biana;Otros;OTRO;EVN-0003724
274;Concierto de la Orquesta de la Universidad de los Andes;Otros;CULT;EVN-0000233
785;SUMMA CUM LAUDE;Otros;SOCI;EVN-0004618
345;M?sica y baile en la Corte de Espa?a;Otros;CULT;EVN-0000332
822;XX FERIA DE PRACTICAS Y LABORA L - DIA 2;Otros;SOCI;EVN-0003923
202;Presentaci?n del informe Cultura pol?tica de la democracia 2011. Actitudes democr?ticas en la sucesi?n;Acad?micos;ACAD;EVN-0001396
567;Temporada de Conciertos 2010-2 Orquesta de la Universidad de los Andes;Otros;CULT;EVN-0000203
4;VOLVER A LOS ANDES 1;Egresados;SOCI;EVN-0002404
365;III Congreso Internacional de Derecho Penal;Otros;ACAD;EVN-0000031
1038;Encarcelamiento y Crimen Pueden ser reducidos?;Acad?micos;ACAD;EVN-0003650
974;Cr?nicas y Humor con On?simo de Alm?ida y Ricardo Ara?jo;Acad?micos, Semana de Portugal;ACAD;EVN-0002583
437;II Ciclo de Conferencias de la Universidad al Mundo Real;Acad?micos;ACAD;EVN-0002536
741;Conversatorio con Arturo Valenzuela: Relaciones Estados Unidos - Colombia;Otros;ACAD;EVN-0000138
147;Homenaje a Carlos Angulo Galvis;Otros;OTRO;EVN-0000972
864;Encuentro con la Constituci?n, 20 a?os - Logros y pendientes;Acad?micos;CULT;EVN-0000768
128;Lanzamiento Encuesta Longitudinal Colombiana de la Universidad de los Andes - ELCA;Acad?micos;OTRO;EVN-0000788
803;Musica Barroca concierto de Richard Stone y Gwyn Roberts lau d y flauta;Culturales;CULT;EVN-0003304
31;Cierre de Olimpiadas Internas 2011;Deportivos;DEPO;EVN-0000791
56;Festival de Jazz de Los Andes Greg Diamond;Culturales;CULT;EVN-0003882
720;La rosa de papel;Culturales;CULT;EVN-0002450
844;Almuerzo Fin de A?o Facultad de Ingenieria;Especiales;ESPE;EVN-0003646
312;Orquesta Sinf?nica. El genio de Salzburgo.;Otros;CULT;EVN-0000126
295;La Sociedad por Acciones Simplificada evolucion y perspectiv as;Acad?micos;ACAD;EVN-0003443
350;Teatro Noh: Charla y demostraci?n;Otros;OTRO;EVN-0000348
585;Festival de jazz de Los Andes: Gene Bora (Corea);Culturales;CULT;EVN-0002296
475;Conferencia inaugural Posgrados Facultad de Ciencias Sociales;Acad?micos;ACAD;EVN-0002369
136;V FORO INTERNACIONAL DE DERECHO PRIVADO Unificacion y modern izacion del regimen de las obligaciones y los contratos;Acad?micos;ACAD;EVN-0003602
843;Concierto - Ana Moura;Culturales;OTRO;EVN-0002579
105;1er Festival de teatro de Los Andes - Ascensi?n y ca?da de la ciudad de Mahagonny;Otros;CULT;EVN-0000450
592;Ballet Folclorico de la Universidad de Guadalajara;Culturales;CULT;EVN-0003413
391;Recital de clavec?n ? Eleonora Rueda;Culturales;CULT;EVN-0002351
755;Conversatorio: Inimputabilidad y sistema penal;Acad?micos;ACAD;EVN-0001767
821;Conference of Latin Americanist Geographers (CLAG);Otros;ACAD;EVN-0000089
713;6TO FESTIVAL DE JAZZ DE LOS AN DES - CUARTETO DE ?SCAR ACEVED O;Culturales;CULT;EVN-0004361
850;Redes, alianzas y afinidades: escritura de mujeres en Am?rica Latina, siglos XIX y XX;Acad?micos;ACAD;EVN-0001159
596;Tertulia tributaria: ?C?mo leer los aspectos tributarios de los tratados de libre comercio?;Acad?micos;ACAD;EVN-0003577
665;Semana de China Ciclo de Conferencias;Acad?micos;ACAD;EVN-0003334
1019;Semana de China Ciclo de Conferencias;Acad?micos;ACAD;EVN-0003335
712;Conference of Latin Americanist Geographers CLAG;Acad?micos;ACAD;EVN-0003898
469;ORATORIO EL MESIAS DE HANDEL;Otros;CULT;EVN-0000087
461;ORATORIO EL MESIAS DE HANDEL;Otros;CULT;EVN-0000088
462;ORATORIO EL MESIAS DE HANDEL;Otros;CULT;EVN-0000086
649;GRUPO ALFABETO - LOS AMORES DE L GITANO;Culturales;CULT;EVN-0004359
664;Semana de China Ciclo de Conferencias;Acad?micos;ACAD;EVN-0003333
758;Festival Internacional de JAZZ;Culturales;CULT;EVN-0003798
73;Bienvenida a Estudiantes de Posgrados 2011-2;Especiales;ACAD;EVN-0000783
239;Concierto de la Orquesta de la Universidad de los Andes;Otros;CULT;EVN-0000292
551;Fiesta de fin de a?o para los hijos de profesores y empleados;Otros;SOCI;EVN-0000255
888;Trilog?a del absurdo;Culturales;CULT;EVN-0002456
1011;Curso pre-congreso An?lisis probabil?stico del riesgo;Acad?micos;ACAD;EVN-0001657
606;Tercer Seminario Internacional de Ingenieros Sin Fronteras;Acad?micos;ACAD;EVN-0003801
890;Estudio de caso: Sentencia C-355 de 2006;Acad?micos;ACAD;EVN-0002512
939;Estudio de caso: Sentencia T-627 de 2012;Acad?micos;ACAD;EVN-0002511
629;I Foro Internacional de Introducci?n al Derecho. Introducir(nos) al derecho: p?nsum, m?todos y perspectivas cr?ticas;Deportivos;ACAD;EVN-0000846
818;El futuro energ?tico del mundo y el esfuerzo del Departamen to de Energia de EE.UU;Acad?micos;ACAD;EVN-0003481
787;Lanzamiento libro: Embarazo adolescente: entre la pol?tica y los derechos;Acad?micos;ACAD;EVN-0002589
993;Concierto Orquesta de Los Andes;Culturales;CULT;EVN-0003467
228;Debate sobre seguridad y estrategias para el control de la criminalidad en Am?rica Latina: Camino a Cartagena;Acad?micos;ACAD;EVN-0001459
809;Inducci?n maestr?as de la Facultad de Administraci?n;Acad?micos;ACAD;EVN-0003616
964;Sustentaci?n tesis doctoral en Derecho;Acad?micos;ACAD;EVN-0003568
261;Convocatoria de Intercambios 2012-2;Acad?micos;OTRO;EVN-0001412
87;Temporada de Teatro 2011 - 2: Ub? Rey;Culturales;CULT;EVN-0001077
132;Festival de jazz de Los Andes: Aflamenkaos y S?ncopa (Colombia);Culturales;CULT;EVN-0002300
234;Serie de conciertos Amalia Samper Gnecco ? Concierto de inauguraci?n;Culturales;CULT;EVN-0000873
613;Foro M?sica al derecho. La situaci?n de los derechos de aut or en Colombia;Acad?micos;ACAD;EVN-0003463
579;Conductas desafiantes, agresio nes y autoagresiones en el Tra torno del espectro autista Clase magistral para prof;Otros;OTRO;EVN-0003528
504;?C?mo estudiar en el exterior?: Estudiar en Francia hoy;Acad?micos;ACAD;EVN-0001612
550;Violencia sexual y conflicto armado: derecho internacional, perspectivas locales y retos forenses;Otros;CULT;EVN-0000261
494;Open Day Posgrados 2011;Especiales;OTRO;EVN-0001239
516;Concierto m?sica experimental;Culturales;CULT;EVN-0001270
138;Danza tradicional coreana;Otros;OTRO;EVN-0003636
178;Teresita G?mez Artista invitado;Otros;CULT;EVN-0000082
206;Orquesta de Los Andes;Culturales;CULT;EVN-0000898
200;Ensamble de exploraci?n vocal de los Andes ( EEVA);Otros;CULT;EVN-0000645
291;Acto de posesi?n de Pablo Navas Sanz de Santamar?a como rector de la Universidad de los Andes;Acad?micos;ESPE;EVN-0001161
490;S? que necesito cambiar, ?pero no s? c?mo!;Charlas Volver a los Andes 5, Oculta;ACAD;EVN-0003680
513;Ensayo: Descubriendo a Brahms;Culturales;CULT;EVN-0002435
835;Yo tambi?n le juego al fopre - Bingo Fopre;Especiales;CULT;EVN-0000793
695;Convocatoria de Intercambios 2012-2;Otros;OTRO;EVN-0003429
314;Como estudiar en el exterior? University of the Arts London;Acad?micos;ACAD;EVN-0003389
465;La visi?n del papel del arquitecto en el contexto contempor?neo;Charlas Volver a los Andes 5, Oculta;ACAD;EVN-0003696
546;El pozo y el p?ndulo;Culturales;CULT;EVN-0002449
1055;Taller Comunicación;Práctica Profesional;CTP;CTP-000201610
768;Seminario de electronica de potencia gestion de energias ren ovables y redes inteligentes;Acad?micos;ACAD;EVN-0003749
1029;Estimating the amount and location of extra medical resources for responding to a 6.2 Richter earthquake in Bogota;Acad?micos;ACAD;EVN-0000981
555;Encuentro con Escritores portugueses: Fernando Pinto do Amaral y Mia Couto;Acad?micos, Especiales, Semana de Portugal;ACAD;EVN-0002576
231;Concierto Orquesta Sinf?nica Nacional de Colombia;Culturales;CULT;EVN-0000897
604;Haciendo realidad un sue?o: Pan Pa?Ya!;Acad?micos;ACAD;EVN-0002178
398;Presentaci?n Corporativa;Otros;OTRO;EVN-0002553
1045;I Foro internacional: Responsabilidad penal juvenil;Acad?micos;CULT;EVN-0001263
404;Bienvenida a Estudiantes de Posgrados 2013-1;Institucionales;OTRO;EVN-0002492
443;Premiere y conversatorio La Ola Verde;Acad?micos;CULT;EVN-0000725
1059;Taller Comunicación;Práctica Profesional;CTP;CTP-000201619
953;?El ocaso de la Eurozona? Geopol?tica de la crisis de la de uda soberana en Europa;Acad?micos;ACAD;EVN-0003498
892;Presentaci?n Corporativa Mu? oz Tamayo y Asociados Abogados;Otros;OTRO;EVN-0002520
54;Las nuevas fronteras del dise?o (en ingl?s);Charlas Volver a los Andes 5, Oculta;ACAD;EVN-0003688
139;Conferencia de Michel Maffesoli;Acad?micos;ACAD;EVN-0001630
748;Bienvenida a padres de estudiantes admitidos en Ingenieria E lectrica Electronica Biomedica y Quimica;Especiales;ESPE;EVN-0003829
1063;Taller Comunicación;Práctica Profesional;CTP;CTP-000201620
349;Taller de Estrategias de B?squeda de Empleo;Otros;OTRO;EVN-0002547
308;Trip Danza Contempor?nea;Otros;OTRO;EVN-0000258
160;Danzas cl?sicas de la India: Maestra Sohini Roychowdhury;Otros;OTRO;EVN-0000488
52;Videoconferencia: Responsabilidad civil: ?culpa o riesgo?;Acad?micos;ACAD;EVN-0002236
104;M?sica ancestral africana: Mamour Ba;Culturales;CULT;EVN-0000797
714;Jacques Derrida: hostilidades y hospitalidades;Otros;ACAD;EVN-0000193
309;Jacques Derrida: hostilidades y hospitalidades;Otros;ACAD;EVN-0000192
635;VIII JORNADAS DE CONTRATACI?N ESTATAL Principales controversias contractuales: posibles soluciones;Otros;ACAD;EVN-0000215
311;II CONGRESO REGIONAL DE LA SOCIEDAD PARA EL ANaLISIS DE RIES GOS SRALA 2012 de la prevencion a la atencion;Acad?micos;ACAD;EVN-0003388
564;Jacques Derrida: hostilidades y hospitalidades;Otros;ACAD;EVN-0000195
950;CharlaDeterminantes institucionales de la interpretacion con individuales en America Latina;Acad?micos;ACAD;EVN-0003415
334;Jacques Derrida: hostilidades y hospitalidades;Otros;ACAD;EVN-0000191
446;Orquesta de Los Andes;Culturales;CULT;EVN-0001818
230;Liu Fang. La?d chino;Culturales;CULT;EVN-0001595
263;Inducci?n maestr?as de la Facultad de Administraci?n;Especiales;OTRO;EVN-0002325
747;Foro Investigaci?n y Desarro llo en Colombia para el Siglo XXI;Acad?micos;ACAD;EVN-0002555
773;El comienzo del hecho punible la distinci?n entre preparaci ?n y ejecuci?n;Acad?micos;ACAD;EVN-0002502
759;Volver al Pa?s;Otros;SOCI;EVN-0000263
307;Concierto Tempestad e ?mpetu - Orquesta Sinf?nica Nacional de Colombia;Otros;CULT;EVN-0000407
1044;Celebraci?n del D?a de la Secretaria;Acad?micos;ACAD;EVN-0003795
815;Dorrian Neymour and One Voice;Culturales;CULT;EVN-0003447
547;Temporada de teatro: Muerte accidental de un anarquista;Culturales, Temporada de Teatro 2013 - 1;CULT;EVN-0002572
615;Concierto de la Orquesta de los Andes;Culturales;CULT;EVN-0003791
6;La boda de los peque?oburgueses;Otros;CULT;EVN-0000466
142;Jacques Derrida: hostilidades y hospitalidades;Otros;ACAD;EVN-0000187
427;Taller de Pruebas Psicot?cnicas;Egresados;OTRO;EVN-0002501
478;Teresita Gomez Artista invitado;Culturales;CULT;EVN-0003873
26;Festival de Jazz de Los Andes: Greg Diamond;Culturales;CULT;EVN-0000903
187;Convocatoria Becas Erasmus Mundus de la Uni?n Europea;Acad?micos;OTRO;EVN-0001030
576;Lanzamiento del libro: La con formidad en el proceso penal;Otros;OTRO;EVN-0003581
531;Investigaciones en neurociencias en la Universidad de los Andes;Charlas Volver a los Andes 5, Institucionales;ACAD;EVN-0003699
901;Encuentro ??Creencia y Verdad?? - Facultad de Ciencias Soci ales;Acad?micos;ACAD;EVN-0003479
257;Orquesta de los Andes;Culturales;CULT;EVN-0001419
607;Temporada de Teatro 20092 Mockinpott;Culturales;CULT;EVN-0003817
791;Presentaci?n Corporativa HAYS Colombia;Institucionales;OTRO;EVN-0002561
896;Encuentros en Psicolog?a - Ni?os Institucionalizados;Acad?micos;ACAD;EVN-0002590
642;Conversatorio Hacia un Movimie nto Social y Ciudadano por la Paz;Acad?micos;ACAD;EVN-0002768
841;Conferencia: Experiencias de justicia;Acad?micos;ACAD;EVN-0002523
467;El sistema de salud en Colombia: ?C?mo nos afectan los cambios?;Charlas Volver a los Andes 5, Oculta;ACAD;EVN-0003692
652;Debate de candidatos a la Alcald?a de Bogot?;Acad?micos;OTRO;EVN-0001093
298;Panel internacional Academia y conflicto;Acad?micos;ACAD;EVN-0000826
124;VOLVER A LOS ANDES 2;Egresados;SOCI;EVN-0002405
463;Ingenier?a en Medicina y Medicina en Ingenier?a;Charlas Volver a los Andes 5, Oculta;ACAD;EVN-0003667
533;15th Latin American Symposium on Mathematical Logic;Acad?micos;ACAD;EVN-0002043
68;Conferencia de Michel Maffesoli;Culturales;CULT;EVN-0003461
430;XI Jornadas de Contrataci?n Es tatal 2013;Otros;OTRO;EVN-0003745
897;Conversatorio: Aspectos laborales de la reforma tributaria;Acad?micos;ACAD;EVN-0002596
559;Foro Convencion Sobre los Derechos de las Personas con Disca pacidad PARTICIPACIoN EFECTIVA DE LAS PERSONAS CON DISCAPAC;Acad?micos;ACAD;EVN-0003317
982;Primer Congreso Internacional y Cuarto Foro de las Am?ricas sobre Factores Psicosociales, Estr?s y Salud en el Trabajo - CIFA 2012;Acad?micos;ACAD;EVN-0002041
63;Festival de Jazz de Los Andes: Sebastian Schunke;Culturales;CULT;EVN-0000932
492;Visitas Guiadas Arquitect?nicas al Campus;Visitas Arquitect?nicas;ESPE;EVN-0001490
817;Foro: Defendiendo los derechos de las mujeres en la pr?ctic a;Acad?micos;ACAD;EVN-0003558
280;?C?mo Estudiar en el Exterior?: Washington Semester Program: American University;Acad?micos;ACAD;EVN-0001866
795;Presentaci?n Corporativa Liberty Seguros;Institucionales;OTRO;EVN-0002507
967;Brechas ?tnicas en salarios en Colombia;Acad?micos;ACAD;EVN-0001924
544;Tercer Encuentro de Familias Latinoamericanas - Mitos y realidades en los ciclos de vida de la empresa familiar;Acad?micos;ACAD;EVN-0001821
346;Concierto: La 5ta de Shostako vich en 40 minutos de aplausos;Culturales;OTRO;EVN-0002529
807;Proyecto espa?ol de reforma del C?digo Civil;Acad?micos;ACAD;EVN-0002556
1042;Coloquio Internacional_ Todos los caminos llevan a Brasilia caminos llevan a Brasilia: La geopol?tica del plan ? IIRSA;Acad?micos;ACAD;EVN-0003548
706;Cierre y Premiaci?n Olimpiadas Internas 2012;Deportivos;DEPO;EVN-0002115
808;Seminarios Investigaci?n EGOB;Acad?micos;ACAD;EVN-0003434
215;?C?mo definir qu? vamos a cubrir en salud cuando los recursos son limitados?;Acad?micos;ACAD;EVN-0001856
756;?C?mo Estudiar en el Exterior?: Planeaci?n de Estudios de Posgrado en el Exterior;Acad?micos;OTRO;EVN-0001728
1001;Panel: Emprendedores Uniandinos transformando los negocios;Charlas Volver a los Andes 5, Oculta;ACAD;EVN-0003672
271;China y sus relaciones pol?ticas con Am?rica Latina;Otros;ACAD;EVN-0000207
715;Jacques Derrida hostilidades y hospitalidades;Acad?micos;ACAD;EVN-0003538
819;?C?mo Estudiar en el Exterior?: Planeaci?n de Estudios de Posgrado en el Exterior;Acad?micos;OTRO;EVN-0001968
38;?C?mo Estudiar en el Exterior?: Swansea University idos.;Acad?micos;ACAD;EVN-0003471
163;Concierto de clausura del Programa Infantil y juvenil de formaci?n musical;Otros;CULT;EVN-0000267
520;Jacques Derrida hostilidades y hospitalidades;Acad?micos;ACAD;EVN-0003536
661;LOS PaJAROS;Culturales;CULT;EVN-0003421
675;Jacques Derrida hostilidades y hospitalidades;Acad?micos;ACAD;EVN-0003533
434;Temporada de conciertos 2009 2 Orquesta de los Andes;Culturales;CULT;EVN-0003775
332;Encuentros Facultad de Ciencias Sociales;Acad?micos;CULT;EVN-0002083
861;Videoconferencia: Responsabilidad civil: ?culpa o riesgo?;Acad?micos;ACAD;EVN-0003596
962;Debate sobre seguridad y estrategias para el control de la criminalidad en Am?rica Latina: Camino a Cartagena;Acad?micos;ACAD;EVN-0003458
830;Ciudades Globales: Diplomacia Municipal en el Siglo XXI;Acad?micos;ACAD;EVN-0002485
508;Oportunidades de Estudio en Jap?n;Especiales;ACAD;EVN-0001168
537;Encuentros en Psicolog?a - Conexiones entre la investigaci?n b?sica en neurociencias y cognici?n;Acad?micos;ACAD;EVN-0001897
408;Liderazgo: mitos y realidades;Acad?micos;ACAD;EVN-0002333
1035;Homenaje a Carlos Angulo Galvis;Especiales;ESPE;EVN-0003296
919;Orquesta de la Universidad de los Andes;Acad?micos;ACAD;EVN-0003593
448;?C?mo Estudiar en el Exterior? : Oportunidades de Estudio en Italia;Acad?micos;OTRO;EVN-0002433
645;CONCIERTO ESTUDIANTES DE COMPO SICI?N 2014;Culturales;CULT;EVN-0004259
623;Temporada de Teatro 20102 Lo opera de los tres centavos;Culturales;CULT;EVN-0003556
972;Presentacion obra Divinas Palabras Teatro Libre;Culturales;CULT;EVN-0003445
885;DEBATE CON CANDIDATOS A LA PRE SIDENCIA DE LA REPUBLICA;Acad?micos;ACAD;EVN-0003942
734;Jacques Derrida hostilidades y hospitalidades;Acad?micos;ACAD;EVN-0003526
920;Ideologias sobre el Lenguaje de los Migrantes;Acad?micos;ACAD;EVN-0003752
245;Politica mas alla de la Politica;Acad?micos;ACAD;EVN-0003493
16;Concierto de la Orquesta de los Andes;Otros;CULT;EVN-0000479
248;3er Congreso de Econom?a Colombiana;Acad?micos;ACAD;EVN-0002121
528;Lanzamiento del Capitulo Estud iantil de Biomedica BMES;Acad?micos;ACAD;EVN-0002754
286;II CONGRESO REGIONAL DE LA SOCIEDAD PARA EL AN?LISIS DE RIESGOS (SRA-LA 2012): de la prevenci?n a la atenci?n;Acad?micos;ACAD;EVN-0001265
303;Temporada de Teatro 20102 Baden pieza didactica sobre el acu erdo;Culturales;CULT;EVN-0003551
53;VOLVER A LOS ANDES 4;Egresados;SOCI;EVN-0002407
701;Foro Abriendo puertas para la investigaci?n cient?fica en C nt?fica en Colombia: Obtenci?n de permisos de investigaci?n;Acad?micos;ACAD;EVN-0003594
771;Recital de piano: Juan Jos? Chuquisengo (Per?);Acad?micos;ACAD;EVN-0003537
590;Coctel de Bienvenida a Profesores;Especiales;ESPE;EVN-0003294
666;Pol?tica m?s all? de ??la Pol?tica??;Otros;ACAD;EVN-0000172
961;Sustentaci?n de tesis doctoral en Derecho;Acad?micos;ACAD;EVN-0003605
325;Desplazamiento forzado y sector empresarial en Colombia. Principales hallazgos y recomendaciones;Acad?micos;ACAD;EVN-0000839
182;International Symposium on Chemistry of Solutions;Acad?micos;ACAD;EVN-0000762
687;Concierto final Magnificat de Johann Sebastian Bach;Culturales;CULT;EVN-0003639
83;Debate de candidatos a la Alcald?a de Bogot? - Proyecci?n en pantalla;Acad?micos;OTRO;EVN-0001114
637;MINDFULNESS - CONCIENCIA PLENA;Acad?micos;ACAD;EVN-0004324
1041;Concierto De lo divino y lo humano cinco siglos de repertori o coral en Europa y America a cargo del Coro Uniandes;Culturales;CULT;EVN-0003790
130;II Congreso de Economia Colombiana 2010;Acad?micos;ACAD;EVN-0003561
1046;Ensayo abierto al publico musica barroca para cuerdas HANDEL;Culturales;CULT;EVN-0003305
413;Concierto Orquesta Sinf?nica. Mendelssohn, Vaughan-Williams, Beethoven.;Otros;CULT;EVN-0000010
204;Concierto Orquesta Sinf?nica. Brahms - Variaciones sobre un tema de Haydn.;Otros;CULT;EVN-0000009
1022;Coro de C?mara - Recital de Grado;Culturales;CULT;EVN-0002090
403;Lanzamiento del libro: Los modelos de control administrativo en Colombia (1811-2011);Acad?micos;ACAD;EVN-0002356
65;Fiesta de Navidad para hijos de profesores y empleados;Institucionales;ACAD;EVN-0003360
671;Robot para excavaci?n lunar: concurso NASA?s Lunabotics Mining Competition;Acad?micos;ACAD;EVN-0003706
62;Orquesta Sinf?nica. Schumann: poes?a y romanticismo;Otros;CULT;EVN-0000167
193;Oportunidades de Estudio en Italia;Acad?micos;OTRO;EVN-0001088
878;Concierto del Coro de la Universidad de los Andes;Culturales;CULT;EVN-0003628
957;Concierto Orquesta de los Andes;Culturales;CULT;EVN-0003478
90;Almuerzo Fin de A?o Facultad de Ingenier?a;Otros;SOCI;EVN-0000274
377;LOS P?JAROS;Otros;CULT;EVN-0000133
640;Primer capitulo de estudiantes de la Asociacion Americana de Ingenieria Quimica AIChE en Suramerica;Acad?micos;ACAD;EVN-0003351
722;The tenets shaping South Africa?s ethical and ambitious foreign policy. Good global citizenship, human rights and sovereignty as accountability.;Acad?micos;ACAD;EVN-0002078
620;Almuerzo de Fin de A?o de la Facultad de Ingenier?a;Acad?micos;SOCI;EVN-0001370
514;Oportunidades de Estudio en Italia;Otros;OTRO;EVN-0003346
764;Ag?ndese para volver a Los Andes;Egresados;OTRO;EVN-0002489
976;La vivienda en America Latina revisando estrategias;Acad?micos;ACAD;EVN-0003899
481;?C?mo estudiar en el exterior?: Oportunidades de estudio en Portugal.;Acad?micos;OTRO;EVN-0000822
283;Induccion maestrias Facultad de Administracion;Especiales;ESPE;EVN-0003314
638;Inauguraci?n - Exposici?n Escalando 2011 - Muestra de trabajos y proyectos de estudiantes de arquitectura;Acad?micos;CULT;EVN-0001107
85;Simposio internacional de Heteronimia Po?tica;Acad?micos;ACAD;EVN-0000786
735;Concierto de clausura del Programa Infantil y juvenil de for macion musical;Culturales;CULT;EVN-0003642
887;Ester, ?pera b?blica en tres actos;Culturales;OTRO;EVN-0002475
697;Seminario de Derecho y Distribuci?n (primer coloquio);Acad?micos;ACAD;EVN-0002426
81;Show de Danza y desfile de trajes tipicos;Culturales;CULT;EVN-0003299
170;Fiesta de fin de a?o Direcci?n de Desarrollo;Especiales;ESPE;EVN-0001369
300;Obra de Teatro Las Convulsiones;Otros;CULT;EVN-0000244
306;Temporada de teatro 2011 2 Ligazon;Culturales;CULT;EVN-0003345
942;Conversatorio sobre los desaf?os de la industria colombiana en materia de compatibilidad electromagn?tica en el marco de los TLC;Acad?micos;ACAD;EVN-0003703
574;Encarcelamiento y Crimen: ?Pueden ser reducidos?;Otros;ACAD;EVN-0000279
783;HOMENAJE A GABRIEL GARC?A M?RQ UEZ;Culturales;CULT;EVN-0004426
305;VOLVER A LOS ANDES 5;Egresados;SOCI;EVN-0002414
977;Coro de la Universidad de los Andes;Oculta;CULT;EVN-0003825
86;Coloquio de docencia;Otros;OTRO;EVN-0003339
287;Estreno pel?cula The Hurt Locker (Zona de Miedo) - Inscripciones!;Otros;CULT;EVN-0000108
180;El futuro energ?tico del mundo y el esfuerzo del Departamento de Energia de EE.UU;Acad?micos;ACAD;EVN-0001715
688;Homenaje a Carlos Angulo Galvis;Otros;OTRO;EVN-0003325
1050;Taller Manejo Tiempo;Práctica Profesional;CTP;CTP-000201520
923;Visita guiada en la National Gallery de Londres;Visitas Arquitect?nicas;ESPE;EVN-0002323
538;Concierto final Magnificat de Johann Sebastian Bach;Culturales;CULT;EVN-0003641
367;Concierto final Magnificat de Johann Sebastian Bach;Culturales;CULT;EVN-0003640
859;Conversatorio: Inimputabilidad y sistema penal;Acad?micos;ACAD;EVN-0003486
894;Foro de Requisitos para realizar grandes proyectos de infrae structura en Colombia;Acad?micos;ACAD;EVN-0003631
279;Temporada de Teatro 2009-2 - Ascenci?n y ca?da de la ciudad de Mahagonny;Otros;CULT;EVN-0000059
143;Fiesta de los Ni?os;Otros;OTRO;EVN-0003748
999;PLANEACION DE ESTUDIOS DE POSGRADO EN EL EXTERIOR;Institucionales;OTRO;EVN-0002466
800;Una mirada al estado de las relaciones entre Estados Unidos y Colombia;Acad?micos;ACAD;EVN-0002431
871;BIENVENIDA A ESTUDIANTES DE PR IMER SEMESTRE DE PREGRADO 2014 -2;Acad?micos;ACAD;EVN-0004155
415;Temporada de Teatro 20092 Ascencion y caida de la ciudad de Mahagonny;Culturales;CULT;EVN-0003814
867;Orquesta de los Andes;Culturales;CULT;EVN-0003431
889;Lanzamiento del libro: La Quintiada;Acad?micos;ACAD;EVN-0002595
238;Ideolog?as sobre el Lenguaje de los Migrantes;Otros;ACAD;EVN-0000313
18;Seminario Internacional - Nuevas perspectivas sobre la Viol encia en Colombia;Acad?micos;ACAD;EVN-0003552
563;Festival de Jazz de Los Andes Sofia Ribeiro y Bola de Sabao;Culturales;CULT;EVN-0003888
711;Simposio Internacional Walter Benjamin aqu? y ahora;Acad?micos;ACAD;EVN-0001074
954;Orquesta de los Andes;Culturales;CULT;EVN-0003438
723;Lanzamiento Maestria Salud Publica Revolcon al sistema de sa lud?;Acad?micos;ACAD;EVN-0003893
621;Encuentros Facultad de Ciencias Sociales;Acad?micos;ACAD;EVN-0003549
389;Wiener Kammersymphonie Austria;Culturales;CULT;EVN-0002459
931;International Symposium on Chemistry of Solutions;Acad?micos;ACAD;EVN-0003835
14;?C?mo estudiar en el exterior? Oportunidades de estudio en Holanda ? Becas NUFFIC;Acad?micos;OTRO;EVN-0002245
495;I Jornada en Ciencias Biom?dicas de la Facultad de Medicina;Acad?micos;ACAD;EVN-0000596
729;Visita guiada Exposicion Fernando Pessoa El mito y las masc aras;Culturales;CULT;EVN-0003894
191;MONUA;Acad?micos;ACAD;EVN-0001770
1037;Congreso internacional de Medicina Reproductiva;Acad?micos;ACAD;EVN-0003649
45;Climate Change: Unlocking the past;Acad?micos;ACAD;EVN-0003674
49;1er Festival de teatro de Los Andes - Vestido de novia;Otros;CULT;EVN-0000446
208;Lanzamiento de la Alianza Congreso Visible y El Espectador;Acad?micos;OTRO;EVN-0001904
727;Concierto ensayo de la Orquesta Sinf?nica, Las siete ?ltimas palabras de Cristo, Franz Joseph Haydn;Otros;CULT;EVN-0000005
137;Coctel de Bienvenida a Profesores;Otros;SOCI;EVN-0000196
209;Nuevos encuentros sonoros Taller en el marco del ciclo Lado B.;Acad?micos;ACAD;EVN-0001151
530;Taller de Hoja de Vida;Otros;OTRO;EVN-0002496
46;Festival de Jazz de Los Andes: Andr?s Ortiz Tr?o;Culturales;CULT;EVN-0000930
545;Fiesta de los ni?os Uniandes 2012;Especiales, Institucionales;ESPE;EVN-0002454
582;?C?mo estudiar en el exterior?: Posibilidades de estudio y becas en Alemania;Acad?micos;OTRO;EVN-0001437
778;Foro Internacional: Renovando la Renovaci?n Urbana;Acad?micos;OTRO;EVN-0002422
457;?C?mo Estudiar en el Exterior?: Melbourne Friends and Alumni reception;Acad?micos;ACAD;EVN-0001716
453;Seminario Carga Urbana;Acad?micos;OTRO;EVN-0002672
109;BIENVENIDA A PADRES DE ESTUDIA NTES DE PRIMER SEMESTRE 2014-2;Otros;OTRO;EVN-0004256
943;?C?mo Estudiar en el Exterior? : American University;Acad?micos;OTRO;EVN-0002438
299;DANZA BUTOH;Otros;CULT;EVN-0000128
609;Great Voices of Gospel;Culturales;CULT;EVN-0003574
95;Concierto musica experimental;Culturales;CULT;EVN-0003390
362;Temporada de Teatro 2010-2: Lo ?pera de los tres centavos;Otros;CULT;EVN-0000199
405;Taller de Entrevista;Otros;OTRO;EVN-0002498
1000;Pobreza infantil en Colombia diagn?stico y retos de pol?tica;Acad?micos;ACAD;EVN-0003708
41;Charla - Repression, Electoral Competition, and Political Change. A Cross-National Analysis. Por: Mario Chac?n;Acad?micos;ACAD;EVN-0000794
1023;BIENVENIDA A PADRES PR;Otros;SOCI;EVN-0003194
270;?C?mo estudiar en el exterior?;Acad?micos;ACAD;EVN-0004768
442;II Congreso Red Colombiana de Relaciones Internacionales;Acad?micos;ACAD;EVN-0000316
798;Taller Inteligencia Emocional;Acad?micos;SOCI;EVN-0006807
781;Premiere y conversatorio La Ola Verde;Culturales;CULT;EVN-0003824
995;Conversatorio: Las Farc y el despojo de tierras;Acad?micos;ACAD;EVN-0002598
199;Recital Musica de camara mixta electroacustica y videoarte;Culturales;CULT;EVN-0003321
1048;1er Festival de teatro de Los Andes Divinas palabras;Culturales;CULT;EVN-0003778
769;Gran concierto de gala;Culturales;CULT;EVN-0003411
909;Gran concierto de gala;Culturales;CULT;EVN-0003412
987;Encuentros en psicolog?a - Seminario de trabajo en toma de decisiones;Acad?micos;ACAD;EVN-0001895
255;Orquesta Sinfonica De Dresde a Dusseldorf;Culturales;CULT;EVN-0003306
933;Nuevas oportunidades para la financiaci?n del desarrollo regional en Colombia;Acad?micos;ACAD;EVN-0003676
786;Foro: Talento 2021;Oculta;OTRO;EVN-0002564
865;Coloquio de docencia Uniandes;Acad?micos;ACAD;EVN-0003587
1027;Conferencia: Transformaci?n social y educaci?n cl?nica en Derecho;Acad?micos;ACAD;EVN-0002487
61;Foro: C?digo General del Proceso;Acad?micos;CULT;EVN-0002165
770;Recital de Guitarra Cl?sica;Acad?micos;ACAD;EVN-0003546
899;Estudio de la relaci?n entre valoraci?n aduanera y precios de transferencia;Acad?micos;ACAD;EVN-0002533
981;Hidrolog?a de Extremos y Cambio Clim?tico ? Revista de Ingenier?a;Acad?micos;CULT;EVN-0002103
123;Obra de Teatro Gargantua;Otros;CULT;EVN-0000081
699;Seminario internacional de Investigaci?n en Seguridad Vial;Otros;OTRO;EVN-0002441
826;SEMINARIO INTERNACIONAL DE ING ENIERIA BIOMEDICA SIB 2014;Acad?micos;ACAD;EVN-0003014
250;Lanzamiento del disco M?sica Sinf?nica de Colombia Vol. I;Culturales;CULT;EVN-0000754
253;Orquesta de los Andes;Culturales;CULT;EVN-0003633
904;Musica ancestral africana Mamour Ba;Culturales;CULT;EVN-0003853
370;TEMPORADA DE TEATRO 2010-2: Proyecto Brecht (documental teatral);Otros;CULT;EVN-0000194
646;BIENVENIDA A ESTUDIANTES DE PO SGRADO;Otros;OTRO;EVN-0003012
70;Ballet Cont?mpora;Culturales;CULT;EVN-0001430
683;TEMPORADA DE TEATRO 2010-2: Proyecto Brecht (documental teatral);Otros;CULT;EVN-0000197
673;?pera, m?sica, drama y pasi?n;Charlas Volver a los Andes 5, Oculta;ACAD;EVN-0003677
777;TEATRO LIBRE DE BOGOT? - COMPL ACENCIAS MUSICALES;Culturales;CULT;EVN-0004221
