Periodo;ID Estudiante;Comunicación Verbal40;Autonomía e Iniciativa44;Compromiso Ético45;Disposición al Aprendizaje46;Taller Manejo Tiempo (Opcional);Taller Comunicación (Opcional);Taller Situaciones Difíciles (Opcional);Sesión Individual (Opcional)
201520;161624566974336000;-1;-1;-1;-1;No Asiste;No Asiste;No Asiste;No Asiste
201520;161808097088228000;5;3;5;5;No Aplica;No Aplica;No Aplica;No Aplica
201520;161804760008141000;5;5;5;5;No Asiste;No Asiste;No Asiste;No Asiste
201520;161642234069193000;5;5;5;5;No Asiste;No Asiste;No Asiste;No Asiste
201520;161627672234831000;5;5;5;5;No Asiste;No Asiste;No Asiste;Asiste
201520;161804449471581000;5;3;5;5;No Asiste;No Asiste;No Asiste;No Asiste
201520;161643443430491000;5;5;5;5;Asiste;No Asiste;No Asiste;No Asiste
201520;161788087995210000;5;3;5;5;No Asiste;No Asiste;No Asiste;Asiste
201520;161793971853054000;5;5;5;5;No Asiste;No Asiste;No Asiste;No Asiste
201520;161806856539973000;1;1;5;1;No Asiste;No Asiste;No Asiste;No Asiste
201520;161948884339128000;5;5;5;5;No Asiste;No Asiste;No Asiste;No Asiste
201520;161807418084573000;3;3;5;5;No Asiste;No Asiste;No Asiste;Asiste
201520;161640937870484000;3;3;5;5;Asiste;No Asiste;Asiste;Asiste
201520;161808315914354000;3;5;5;5;Asiste;No Asiste;No Asiste;Asiste
201520;161807260401464000;-1;-1;-1;-1;No Asiste;No Asiste;No Asiste;Asiste
201520;161305418275458000;5;3;5;5;No Asiste;No Asiste;No Asiste;No Asiste
201520;161783298288919000;3;5;5;5;No Asiste;No Asiste;No Asiste;Asiste
201520;161804370630740000;3;5;5;5;No Asiste;No Asiste;No Asiste;No Asiste
201520;161783140617562000;3;5;5;5;No Asiste;No Asiste;No Asiste;No Asiste
201520;161805488885281000;5;1;5;3;No Aplica;No Aplica;No Aplica;No Aplica
201520;161965933278607000;5;3;5;5;No Asiste;No Asiste;No Asiste;Asiste
201520;161641590793750000;5;5;5;5;No Asiste;No Asiste;No Asiste;No Asiste
201520;161644506449943000;5;5;5;5;Asiste;Asiste;Asiste;No Asiste
201520;161642803369028000;5;1;5;3;No Asiste;No Asiste;Asiste;No Asiste
201520;161786915097863000;5;3;5;3;No Asiste;No Asiste;No Asiste;Asiste
201520;161641013455129000;5;3;5;3;No Asiste;No Asiste;No Asiste;No Asiste
201520;161782847799533000;5;5;5;5;No Asiste;No Asiste;No Asiste;No Asiste
201520;161629251410337000;5;3;5;5;No Asiste;No Asiste;No Asiste;No Asiste
201520;161949748757198000;5;3;5;5;No Asiste;No Asiste;No Asiste;No Asiste
201520;161477787004768000;5;5;5;5;No Aplica;No Aplica;No Aplica;No Aplica
201520;161624563758132000;3;3;5;5;No Asiste;No Asiste;No Asiste;No Asiste
201520;161808568529992000;5;1;3;3;No Asiste;No Asiste;No Asiste;No Asiste
201520;161952087687675000;-1;-1;-1;-1;No Asiste;No Asiste;No Asiste;No Asiste
201520;161480362024901000;5;5;5;5;No Asiste;No Asiste;No Asiste;No Asiste
201520;161808525086524000;-1;-1;-1;-1;No Asiste;No Asiste;Asiste;No Asiste
201520;161642309654141000;5;5;5;5;No Asiste;No Asiste;No Asiste;No Asiste
201520;161786712375296000;5;5;5;5;No Asiste;No Asiste;No Asiste;No Asiste
201520;161944843979859000;3;5;5;5;No Asiste;No Asiste;No Asiste;No Asiste
201520;161644731598233000;5;5;5;5;No Asiste;Asiste;No Asiste;Asiste
201520;161314312058621000;-1;-1;-1;-1;No Asiste;Asiste;Asiste;No Asiste
201520;161785785645177000;3;5;5;5;No Asiste;No Asiste;No Asiste;No Asiste
201520;161809286152562000;5;5;5;5;No Aplica;No Aplica;No Aplica;No Aplica
201520;161809113987361000;5;5;5;5;No Asiste;No Asiste;No Asiste;Asiste
201520;161642788895291000;5;5;5;5;No Asiste;No Asiste;No Asiste;No Asiste
201520;161806755172427000;-1;-1;-1;-1;No Aplica;No Aplica;No Aplica;No Aplica
201520;161808949867348000;5;5;5;5;No Asiste;No Asiste;No Asiste;No Asiste
201520;161945305962610000;3;5;5;3;No Asiste;No Asiste;No Asiste;Asiste
201520;161806470378062000;5;5;5;5;Asiste;No Asiste;No Asiste;No Asiste
201520;161807532324425000;5;3;5;5;No Aplica;No Aplica;No Aplica;No Aplica
201520;161627670626714000;5;5;5;5;No Asiste;No Asiste;No Asiste;No Asiste
201520;161806040773479000;-1;-1;-1;-1;No Asiste;No Asiste;No Asiste;No Asiste
201520;161631340372272000;5;5;5;5;No Asiste;No Asiste;No Asiste;No Asiste
201520;161806526693312000;3;5;5;5;No Asiste;No Asiste;No Asiste;No Asiste
201520;161628180400445000;5;5;5;5;No Asiste;Asiste;No Asiste;No Asiste
201520;161477385162030000;3;5;5;5;No Asiste;Asiste;No Asiste;No Asiste
201520;161805878264028000;5;5;5;5;No Asiste;No Asiste;No Asiste;No Asiste
201520;161951548428290000;5;3;5;5;No Aplica;No Aplica;No Aplica;No Aplica
201520;161319673187610000;3;5;5;5;No Asiste;No Asiste;Asiste;No Asiste
201520;161623053753595000;5;5;5;5;No Aplica;No Aplica;No Aplica;No Aplica
201520;161624673109107000;5;5;5;5;No Asiste;No Asiste;No Asiste;No Asiste
201520;162111184246430000;5;5;5;5;No Aplica;No Aplica;No Aplica;No Aplica
201520;161621032384762000;5;3;5;5;No Asiste;No Asiste;No Asiste;No Asiste
201520;161625317958992000;3;3;5;3;No Asiste;No Asiste;No Asiste;No Asiste
201520;161644649579909000;3;5;5;5;No Asiste;No Asiste;No Asiste;No Asiste
201520;161469753459672000;5;5;5;5;No Asiste;No Asiste;No Asiste;No Asiste
201520;161461718507124000;3;5;3;5;No Aplica;No Aplica;No Aplica;No Aplica
201520;161628807567969000;3;5;5;5;No Aplica;No Aplica;No Aplica;Asiste
201520;161967573668610000;5;5;5;5;No Aplica;No Aplica;No Aplica;No Aplica
201520;161642946498240000;5;5;5;5;No Aplica;No Aplica;No Aplica;No Aplica
201520;161792549548927000;5;5;5;5;No Asiste;No Asiste;Asiste;Asiste
201520;160821950526359000;5;5;5;5;No Asiste;No Asiste;No Asiste;Asiste
201520;161641052051551000;5;5;5;5;No Asiste;No Asiste;No Asiste;No Asiste
201520;161953893810722000;3;5;5;5;No Asiste;No Asiste;No Asiste;No Asiste
201520;161470166544252000;3;1;5;3;No Aplica;No Aplica;No Aplica;No Aplica
201520;161790149022657000;5;5;5;5;No Asiste;Asiste;Asiste;No Asiste
201520;161965550146516000;5;3;5;5;No Asiste;No Asiste;No Asiste;Asiste
201520;161951226482816000;5;5;5;5;No Asiste;No Asiste;No Asiste;No Asiste
201520;161966741399043000;5;5;5;5;No Asiste;No Asiste;No Asiste;Asiste
201520;161783993330916000;5;5;5;5;No Aplica;No Aplica;No Aplica;No Aplica
201520;161626376094509000;5;5;5;5;Asiste;No Asiste;No Asiste;No Asiste
201520;161787360766176000;5;5;5;5;No Asiste;Asiste;No Asiste;Asiste
201520;161787164478974000;3;3;5;3;No Asiste;No Asiste;No Asiste;No Asiste
201520;161461167206447000;3;5;5;5;No Asiste;No Asiste;No Asiste;No Asiste
201520;161793970244109000;-1;-1;-1;-1;No Asiste;No Asiste;No Asiste;No Asiste
201520;161632517529979000;5;3;5;5;No Asiste;No Asiste;No Asiste;Asiste
201520;161642813018186000;3;3;5;5;No Asiste;No Asiste;No Asiste;Asiste
201520;161642161700641000;3;3;5;5;No Asiste;No Asiste;Asiste;No Asiste
201520;161643070329182000;5;5;5;5;No Asiste;No Asiste;No Asiste;No Asiste
201520;161794401441615000;5;5;5;5;No Asiste;No Asiste;No Asiste;No Asiste
201520;161806620015748000;5;3;5;5;No Asiste;No Asiste;No Asiste;No Asiste
201520;161944229077011000;5;5;5;5;No Asiste;No Asiste;No Asiste;No Asiste
201520;161947322919411000;5;5;5;5;No Asiste;No Asiste;No Asiste;No Asiste
201520;161945759897522000;5;3;5;5;No Asiste;No Asiste;No Asiste;No Asiste
201520;161313966648810000;5;3;5;5;No Asiste;No Asiste;No Asiste;Asiste
201520;161467120660641000;5;5;5;5;No Asiste;No Asiste;No Asiste;No Asiste
201520;161806142140801000;5;5;5;5;No Asiste;No Asiste;No Asiste;No Asiste
201520;161943870115940000;5;5;5;5;No Asiste;No Asiste;No Asiste;No Asiste
201520;161626834406560000;3;3;5;5;No Asiste;No Asiste;No Asiste;No Asiste
201520;161627035420822000;5;5;5;5;No Asiste;No Asiste;No Asiste;No Asiste
201520;161625282580661000;5;5;5;5;No Aplica;No Aplica;No Aplica;No Aplica
201520;161622815755654000;3;5;5;3;No Asiste;No Asiste;No Asiste;No Asiste
201520;161628561525180000;5;5;5;5;No Asiste;No Asiste;No Asiste;No Asiste
201520;161625451431822000;5;5;5;5;No Aplica;No Aplica;Asiste;Asiste
201520;161804737482163000;3;5;5;5;No Aplica;No Aplica;No Aplica;Asiste
201520;162116305744703000;5;5;5;5;Asiste;No Aplica;No Aplica;Asiste
201520;161632599545225000;5;3;5;5;No Asiste;Asiste;Asiste;No Asiste
201520;161647380318818000;-1;-1;-1;-1;No Aplica;No Aplica;No Aplica;No Aplica
201520;161963777764040000;5;5;5;5;No Aplica;No Aplica;No Aplica;No Aplica
201520;161310048281545000;5;5;5;3;No Asiste;No Asiste;No Asiste;No Asiste
201520;161944951829432000;5;5;5;5;No Aplica;No Aplica;No Aplica;Asiste
201520;161625699080352000;5;3;5;5;No Asiste;No Asiste;No Asiste;No Asiste
201520;161628815608586000;5;5;5;5;No Aplica;No Aplica;No Aplica;No Aplica
201520;161622928322226000;5;5;5;5;No Asiste;No Asiste;No Asiste;No Asiste
201520;161478961995802000;5;5;5;5;No Aplica;No Aplica;No Aplica;No Aplica
201520;161805509802309000;5;5;5;5;No Aplica;No Aplica;No Aplica;No Aplica
201520;161943953819831000;3;5;5;5;No Aplica;No Aplica;No Aplica;No Aplica
201520;161805554854375000;5;5;5;5;No Aplica;No Aplica;No Aplica;Asiste
201520;161805377864154000;3;3;5;5;No Asiste;No Asiste;No Asiste;No Asiste
201520;161626403432402000;5;5;5;5;No Asiste;No Asiste;No Asiste;No Asiste
201520;161625274540132000;3;5;5;5;No Asiste;No Asiste;No Asiste;No Asiste
201520;161641126028038000;-1;-1;-1;-1;No Asiste;No Asiste;No Asiste;No Asiste
201520;161806546001400000;3;5;5;5;No Aplica;No Aplica;No Aplica;No Aplica
201520;161961657678938000;3;3;5;5;No Aplica;No Aplica;No Aplica;Asiste
201520;161948782927103000;5;1;5;5;No Aplica;No Aplica;No Aplica;No Aplica
201520;161644093142418000;5;5;5;5;No Aplica;No Aplica;No Aplica;No Aplica
201520;161807831600847000;5;5;5;5;No Aplica;No Aplica;No Aplica;Asiste
201520;161623877099177000;5;5;5;5;No Asiste;No Asiste;No Asiste;No Asiste
201520;161642010530831000;5;5;5;5;No Asiste;No Asiste;No Asiste;No Asiste
201520;161781546210510000;3;5;5;5;No Asiste;No Asiste;No Asiste;No Asiste
201520;161807879871264000;5;5;5;5;No Aplica;No Aplica;No Aplica;No Aplica
201520;161462893439696000;3;5;5;3;No Aplica;No Aplica;No Aplica;No Aplica
201520;161805231445044000;3;3;5;5;No Aplica;No Aplica;No Aplica;Asiste
201520;161806731037301000;5;3;5;5;No Asiste;No Asiste;No Asiste;Asiste
201520;161644673702943000;3;5;5;5;No Asiste;No Asiste;No Asiste;No Asiste
201520;161304420631911000;5;5;5;5;No Aplica;No Aplica;No Aplica;No Aplica
201520;161642065209265000;-1;-1;-1;-1;No Asiste;No Asiste;No Asiste;No Asiste
201520;161788348639642000;3;5;5;5;No Aplica;Asiste;No Aplica;No Aplica
201520;161807487272084000;5;5;5;5;No Asiste;No Asiste;No Asiste;No Asiste
201520;161643879251962000;5;3;5;5;No Asiste;No Asiste;No Asiste;No Asiste
201520;161628268847074000;3;3;5;5;No Asiste;No Asiste;No Asiste;No Asiste
201520;161965761030090000;3;5;5;3;No Asiste;No Asiste;No Asiste;No Asiste
201520;161139774624396000;5;5;5;5;No Aplica;No Aplica;No Aplica;No Aplica
201520;161621948994361000;3;5;5;5;Asiste;Asiste;No Asiste;No Asiste
201520;161965393996172000;3;5;5;5;No Aplica;No Aplica;No Aplica;No Aplica
201520;161643612291139000;5;5;5;5;No Asiste;No Asiste;No Asiste;No Asiste
201520;161477309615651000;5;5;5;5;No Aplica;No Aplica;No Aplica;No Aplica
201520;161949238476606000;3;3;5;5;No Asiste;No Asiste;No Asiste;No Asiste
201520;161806401190769000;5;5;5;5;No Asiste;No Asiste;No Asiste;No Asiste
201520;161803532344618000;3;3;5;5;No Asiste;No Asiste;No Asiste;No Asiste
201520;161807472790976000;5;5;5;5;No Asiste;No Asiste;No Asiste;No Asiste
201520;161644889202129000;5;5;5;5;No Aplica;No Aplica;No Aplica;No Aplica
201520;161806280515292000;5;5;5;5;No Aplica;No Aplica;Asiste;No Aplica
201520;161806742300360000;5;5;5;5;No Asiste;No Asiste;No Asiste;No Asiste
201520;161806587835595000;3;3;5;5;Asiste;No Asiste;No Asiste;No Asiste
201520;161949436471819000;5;5;5;5;No Aplica;No Aplica;No Aplica;No Aplica
201520;161792136052181000;-1;-1;-1;-1;No Aplica;No Aplica;No Aplica;No Aplica
201520;161622719270052000;5;5;5;5;No Asiste;No Asiste;No Asiste;No Asiste
201520;161463410990010000;3;5;5;5;No Asiste;No Asiste;No Asiste;Asiste
201520;161945481419646000;5;5;5;5;No Asiste;No Asiste;No Asiste;No Asiste
201520;161947269799079000;3;5;3;5;No Asiste;No Asiste;No Asiste;No Asiste
201520;161948478691220000;5;3;5;5;No Aplica;No Aplica;No Aplica;No Aplica
201520;161966131284026000;5;5;5;5;No Asiste;No Asiste;No Asiste;No Asiste
201520;161794385352146000;5;3;5;5;No Aplica;No Aplica;No Aplica;No Aplica
201520;161805817121880000;5;1;5;3;No Asiste;No Asiste;No Asiste;No Asiste
201520;161804874247055000;5;3;5;5;No Aplica;No Aplica;Asiste;Asiste
201520;161965717565525000;5;3;5;5;No Asiste;No Asiste;No Asiste;No Asiste
201520;161803015858472000;5;5;5;5;No Asiste;No Asiste;No Asiste;No Asiste
201520;161944369120227000;3;5;5;3;No Asiste;No Asiste;No Asiste;No Asiste
201520;161466407011854000;3;5;5;5;No Aplica;No Aplica;No Aplica;No Aplica
201520;161807812292683000;5;3;5;5;No Aplica;No Aplica;No Aplica;No Aplica
201520;161481292702022000;3;5;5;5;No Asiste;No Asiste;No Asiste;No Asiste
201520;161806449460972000;5;5;5;5;No Asiste;No Asiste;No Asiste;No Asiste
201520;161807231439268000;5;3;5;5;No Asiste;No Asiste;No Asiste;Asiste
201520;161806533129342000;3;3;5;5;No Asiste;No Asiste;No Asiste;No Asiste
201520;161806702075153000;3;3;5;5;No Asiste;No Asiste;No Asiste;No Asiste
201520;161809093070100000;5;5;5;5;No Asiste;No Asiste;Asiste;No Asiste
201520;161807760804249000;1;3;5;5;No Asiste;No Asiste;No Asiste;Asiste
201520;161953404450185000;3;3;5;5;No Asiste;No Asiste;No Asiste;No Asiste
201520;161788905325367000;1;1;1;1;No Asiste;No Asiste;No Asiste;No Asiste
201520;161479191850910000;5;3;5;5;Asiste;No Aplica;No Aplica;Asiste
201520;161644495192532000;-1;-1;-1;-1;No Asiste;No Asiste;Asiste;No Asiste
201520;161645530875929000;5;5;5;5;No Asiste;No Asiste;No Asiste;No Asiste
201520;161791806220524000;3;5;5;5;No Asiste;No Asiste;No Asiste;No Asiste
201520;161784400381668000;3;5;5;5;Asiste;No Asiste;Asiste;No Asiste
201520;161786475865795000;5;3;5;5;Asiste;No Asiste;No Asiste;No Asiste
201520;161812686031795000;3;3;5;5;No Asiste;No Asiste;No Asiste;No Asiste
201520;161947615886248000;5;5;5;5;No Asiste;No Asiste;No Asiste;No Asiste
201520;161640960385057000;5;5;5;5;No Asiste;No Asiste;Asiste;No Asiste
201520;161948446496963000;5;3;5;5;No Asiste;No Asiste;No Asiste;Asiste
201520;161806146967817000;5;5;5;5;No Asiste;No Asiste;No Asiste;No Asiste
201520;162126072247392000;3;3;5;5;No Asiste;No Asiste;No Asiste;No Asiste
201520;161945454054781000;5;5;5;5;No Asiste;Asiste;No Asiste;No Asiste
201520;161782791488404000;5;3;5;5;Asiste;No Asiste;Asiste;No Asiste
201520;161951297310793000;3;5;5;5;No Asiste;No Asiste;No Asiste;No Asiste
201520;161641323834816000;5;3;5;5;No Aplica;No Aplica;No Aplica;No Aplica
201520;161950650201217000;3;5;5;5;No Asiste;No Asiste;Asiste;No Asiste
201520;161625581688493000;5;5;5;5;No Asiste;No Asiste;No Asiste;No Asiste
201520;161945901551101000;3;5;5;5;No Asiste;No Asiste;No Asiste;No Asiste
201520;161624456015295000;3;5;5;5;No Asiste;No Asiste;No Asiste;No Asiste
201520;161301393983409000;3;5;5;5;No Asiste;No Asiste;No Asiste;No Asiste
201520;161804171115228000;1;5;1;3;No Aplica;No Aplica;No Aplica;No Aplica
201520;161944990462123000;3;5;5;5;No Aplica;No Aplica;No Aplica;No Aplica
201520;161641622957491000;5;5;5;5;No Asiste;No Asiste;No Asiste;No Asiste
201520;161784413252846000;5;5;5;5;Asiste;No Asiste;Asiste;No Asiste
201520;161641910823122000;5;5;5;5;No Asiste;No Asiste;No Asiste;No Asiste
201520;161786985889901000;3;3;5;5;No Asiste;No Asiste;No Asiste;Asiste
201520;161623505628548000;3;3;5;5;No Aplica;No Aplica;No Aplica;Asiste
201520;161641775735308000;3;1;3;5;No Asiste;No Asiste;No Asiste;No Asiste
201520;161952324318196000;3;5;5;5;No Asiste;No Asiste;No Asiste;No Asiste
201520;161804899991041000;5;5;5;5;No Asiste;No Asiste;No Asiste;No Asiste
201520;161808373838941000;3;5;5;5;No Asiste;No Asiste;No Asiste;No Asiste
201520;161806655413920000;3;5;5;3;No Asiste;No Asiste;No Asiste;No Asiste
201520;161787914232372000;5;5;5;5;No Asiste;No Asiste;No Asiste;No Asiste
201520;161301157828908000;5;3;5;5;No Asiste;No Asiste;No Asiste;No Asiste
201520;161784949016100000;5;5;5;5;Asiste;No Asiste;No Asiste;Asiste
201520;161968119393917000;3;3;5;5;No Asiste;No Asiste;No Asiste;No Asiste
201520;161645075753779000;5;5;5;5;No Asiste;No Asiste;No Asiste;No Asiste
201520;161623098780253000;5;5;5;5;No Asiste;No Asiste;No Asiste;No Asiste
201520;161782572679538000;3;5;5;5;No Asiste;Asiste;No Asiste;No Asiste
201520;161783805090228000;-1;-1;-1;-1;Asiste;Asiste;Asiste;No Asiste
201520;161480834596368000;3;3;5;5;No Asiste;Asiste;Asiste;No Asiste
201520;161808426936489000;5;5;5;5;No Asiste;No Asiste;No Asiste;No Asiste
201520;161966424267875000;3;5;5;5;No Aplica;No Aplica;No Aplica;No Aplica
201520;161808095479213000;5;5;5;5;Asiste;No Asiste;No Asiste;Asiste
201520;161952871627547000;5;3;5;5;No Asiste;No Asiste;No Asiste;No Asiste
201520;161807406821491000;5;5;5;5;No Asiste;No Asiste;No Asiste;No Asiste
201520;161813146216962000;5;5;5;5;Asiste;Asiste;No Asiste;Asiste
201520;161809366603622000;5;5;5;5;No Asiste;No Asiste;No Asiste;No Asiste
201520;161804631288287000;3;5;5;5;No Asiste;Asiste;No Asiste;No Asiste
201520;161806790570614000;3;3;5;3;No Asiste;No Asiste;No Asiste;No Asiste
201520;161967745918092000;5;3;5;5;No Asiste;No Asiste;No Asiste;No Asiste
201520;161468827637786000;5;3;5;3;No Asiste;No Asiste;No Asiste;No Asiste
201520;161641624565678000;3;5;5;5;No Aplica;No Aplica;No Aplica;No Aplica
201520;161805493712287000;3;5;5;5;No Asiste;No Asiste;No Asiste;No Asiste
201520;161803527517640000;3;3;5;5;No Asiste;No Asiste;No Asiste;No Asiste
201520;161794147228091000;5;5;5;5;No Asiste;No Asiste;No Asiste;No Asiste
201520;161631805123915000;3;3;5;5;Asiste;No Asiste;No Asiste;No Asiste
201520;161807258792453000;3;5;5;5;No Asiste;No Asiste;No Asiste;No Asiste
201520;161955233117024000;5;5;5;5;No Asiste;No Asiste;No Asiste;No Asiste
201520;161966512807002000;3;5;5;5;No Asiste;No Asiste;No Asiste;No Asiste
201520;161782743221730000;5;5;5;5;No Asiste;No Asiste;No Asiste;No Asiste
201520;161945970768213000;3;3;5;5;Asiste;Asiste;Asiste;Asiste
201520;161964107770941000;5;5;5;5;No Asiste;No Asiste;No Asiste;No Asiste
201520;161966685055919000;5;5;5;5;No Asiste;No Asiste;No Asiste;No Asiste
201520;161809350513409000;5;5;5;5;No Asiste;No Asiste;No Asiste;No Asiste
201520;161783184057622000;5;3;5;5;No Asiste;No Asiste;No Asiste;Asiste
201520;161804743918157000;5;5;5;5;No Asiste;No Asiste;No Asiste;No Asiste
201520;161965968694202000;5;5;5;5;No Asiste;No Asiste;No Asiste;No Asiste
201520;161945302743216000;5;5;5;5;No Asiste;No Asiste;No Asiste;No Asiste
201520;161803648192091000;5;5;5;5;No Asiste;No Asiste;No Asiste;No Asiste
201520;161809271671374000;5;3;5;5;No Asiste;No Asiste;No Asiste;Asiste
201520;161632292390195000;5;5;5;5;No Aplica;No Aplica;No Aplica;No Aplica
201520;161805440615221000;3;3;5;5;No Asiste;No Asiste;No Asiste;No Asiste
201520;161965627416817000;5;5;5;3;No Asiste;No Asiste;No Asiste;No Asiste
201520;161952094126598000;5;5;5;5;No Asiste;No Asiste;No Asiste;No Asiste
201520;161790585041856000;5;5;5;5;No Asiste;No Asiste;No Asiste;No Asiste
201520;161950048165112000;3;3;5;5;No Asiste;No Asiste;No Asiste;No Asiste
201520;161805327985109000;-1;-1;-1;-1;No Asiste;No Asiste;No Asiste;No Asiste
201520;161783159924255000;3;5;5;5;No Asiste;No Asiste;No Asiste;Asiste
201520;161804444644590000;5;3;5;3;No Aplica;No Aplica;No Aplica;No Aplica
201520;161642542841860000;5;5;5;5;No Asiste;No Asiste;No Asiste;No Asiste
201520;161965556585707000;5;5;5;5;No Asiste;No Asiste;Asiste;No Asiste
201520;161627479260757000;5;3;3;5;No Asiste;No Asiste;No Asiste;No Asiste
201520;161807838036902000;5;5;5;5;No Asiste;No Asiste;No Asiste;No Asiste
201520;161966553052068000;3;3;5;5;No Asiste;No Asiste;No Asiste;No Asiste
201520;161946133347999000;3;3;5;5;No Asiste;No Asiste;No Asiste;No Asiste
201520;161953431815722000;5;3;5;5;No Asiste;No Asiste;No Asiste;No Asiste
201520;161785843565732000;5;3;5;5;No Asiste;No Asiste;No Asiste;Asiste
201520;161953410889135000;3;3;5;5;Asiste;No Asiste;No Asiste;No Asiste
201520;161804462343557000;3;5;5;5;No Asiste;No Asiste;No Asiste;No Asiste
201520;161949695636468000;3;5;5;5;No Asiste;No Asiste;No Asiste;No Asiste
201520;161790042833569000;3;5;5;5;No Asiste;No Asiste;No Asiste;No Asiste
201520;161954933704318000;3;3;5;5;No Asiste;No Asiste;No Asiste;Asiste
201520;161952053883329000;5;5;5;5;No Aplica;No Aplica;No Aplica;No Aplica
201520;161475633133535000;3;5;5;5;No Asiste;No Asiste;No Asiste;No Asiste
201520;161945766336320000;5;3;5;5;No Asiste;Asiste;No Asiste;Asiste
201520;161949381741422000;3;3;5;5;No Asiste;No Asiste;No Asiste;Asiste
201520;161967942314808000;5;5;5;5;No Aplica;No Aplica;No Aplica;No Aplica
201520;161945594098527000;5;5;5;5;No Aplica;No Aplica;No Aplica;No Aplica
201520;161949872705602000;3;5;5;5;Asiste;Asiste;Asiste;Asiste
201520;161793415158612000;5;5;5;5;No Asiste;Asiste;Asiste;No Asiste
201520;161786434034200000;5;5;5;5;No Asiste;No Asiste;No Asiste;No Asiste
201520;161813157480244000;5;5;5;5;No Asiste;No Asiste;No Asiste;No Asiste
201520;161643668578041000;3;3;5;5;Asiste;No Asiste;No Asiste;No Asiste
201520;161807393949398000;3;3;5;5;No Asiste;No Asiste;No Asiste;No Asiste
201520;161967024724613000;-1;-1;-1;-1;No Asiste;No Asiste;No Asiste;No Asiste
201520;161950049774832000;3;3;5;5;No Aplica;No Aplica;No Aplica;No Aplica
201520;161804945043021000;5;5;5;5;No Asiste;No Asiste;No Asiste;No Asiste
201520;161946699963336000;3;5;5;5;No Asiste;No Asiste;No Asiste;No Asiste
201520;161792126398566000;5;5;5;5;No Asiste;No Asiste;No Asiste;Asiste
201520;161951022047607000;5;5;5;5;No Asiste;No Asiste;No Asiste;Asiste
201520;161946073789058000;3;3;5;3;No Asiste;No Asiste;No Asiste;No Asiste
201520;161788229579814000;-1;-1;-1;-1;No Asiste;No Asiste;No Asiste;No Asiste
201520;161806547610408000;3;5;5;5;No Asiste;No Asiste;No Asiste;Asiste
201520;161967066579548000;5;5;5;5;No Asiste;No Asiste;No Asiste;No Asiste
201520;161965194381408000;5;5;5;5;No Asiste;No Asiste;No Asiste;Asiste
201520;161949025994072000;3;5;5;5;No Asiste;No Asiste;No Asiste;Asiste
201520;161949029213504000;5;3;5;5;No Asiste;No Asiste;No Asiste;No Asiste
201520;161642258192047000;5;5;5;5;No Asiste;No Asiste;No Asiste;Asiste
201520;161805952278223000;3;1;3;5;No Asiste;No Asiste;No Asiste;Asiste
201520;161949793829339000;5;5;5;5;No Asiste;No Asiste;No Asiste;Asiste
201520;161806066517558000;5;5;3;5;No Asiste;No Asiste;No Asiste;No Asiste
201520;161947746272673000;-1;-1;-1;-1;No Asiste;No Asiste;No Asiste;No Asiste
201520;161783557320600000;5;5;5;5;No Asiste;No Asiste;No Asiste;No Asiste
201520;161808463943876000;3;5;5;5;No Asiste;No Asiste;No Asiste;No Asiste
201520;161946331341314000;3;5;5;3;No Asiste;No Asiste;No Asiste;Asiste
201520;161643853520788000;5;5;5;5;No Aplica;No Aplica;No Aplica;No Aplica
201520;161467908247844000;5;5;5;5;No Asiste;No Asiste;No Asiste;Asiste
201520;161643556004246000;5;5;5;5;No Asiste;No Asiste;No Asiste;No Asiste
201520;161641015063313000;5;3;5;5;No Asiste;No Asiste;No Asiste;No Asiste
201520;161641471787933000;5;5;5;5;No Asiste;No Asiste;No Asiste;Asiste
201520;161480212538152000;1;1;3;1;No Aplica;No Aplica;No Aplica;No Aplica
201520;161622979781243000;5;5;5;5;No Asiste;No Asiste;No Asiste;No Asiste
201610;161158762453306000;-1;-1;-1;-1;No Aplica;No Aplica;No Aplica;No Aplica
201610;161308372667922000;-1;-1;-1;-1;No Aplica;No Aplica;No Aplica;No Aplica
201610;161321422763218000;-1;-1;-1;-1;No Aplica;No Aplica;No Aplica;No Aplica
201610;161460117648284000;-1;-1;-1;-1;No Aplica;No Aplica;No Aplica;No Aplica
201610;161462039965679000;-1;-1;-1;-1;No Aplica;No Aplica;No Aplica;No Aplica
201610;161463435099517000;-1;-1;-1;-1;No Aplica;No Aplica;No Aplica;No Aplica
201610;161464785234776000;-1;-1;-1;-1;No Aplica;No Aplica;No Aplica;No Aplica
201610;161468073802134000;-1;-1;-1;-1;No Aplica;No Aplica;No Aplica;No Aplica
201610;161478087583463000;-1;-1;-1;-1;No Aplica;No Aplica;No Aplica;No Aplica
201610;161478137412044000;-1;-1;-1;-1;No Aplica;No Aplica;No Aplica;No Aplica
201610;161478158307902000;-1;-1;-1;-1;No Aplica;No Aplica;No Aplica;No Aplica
201610;161478648557284000;-1;-1;-1;-1;No Aplica;No Aplica;No Aplica;No Aplica
201610;161478704815457000;-1;-1;-1;-1;No Aplica;No Aplica;No Aplica;No Aplica
201610;161478976462203000;-1;-1;-1;-1;No Aplica;No Aplica;No Aplica;No Aplica
201610;161481109459683000;-1;-1;-1;-1;No Aplica;No Aplica;No Aplica;No Aplica
201610;161483496440408000;-1;-1;-1;-1;No Aplica;No Aplica;No Aplica;No Aplica
201610;161621699740616000;-1;-1;-1;-1;No Aplica;No Aplica;No Aplica;No Aplica
201610;161622299558018000;-1;-1;-1;-1;No Aplica;No Aplica;No Aplica;No Aplica
201610;161623467034221000;-1;-1;-1;-1;No Aplica;No Aplica;No Aplica;No Aplica
201610;161623928558346000;-1;-1;-1;-1;No Aplica;No Aplica;No Aplica;No Aplica
201610;161624190678613000;-1;-1;-1;-1;No Aplica;No Aplica;No Aplica;No Aplica
201610;161624412596551000;-1;-1;-1;-1;No Aplica;No Aplica;No Aplica;No Aplica
201610;161625099256643000;-1;-1;-1;-1;No Aplica;No Aplica;No Aplica;No Aplica
201610;161625982107476000;-1;-1;-1;-1;No Aplica;No Aplica;No Aplica;No Aplica
201610;161626199202312000;-1;-1;-1;-1;No Aplica;No Aplica;No Aplica;No Aplica
201610;161626276391622000;-1;-1;-1;-1;No Aplica;No Aplica;No Aplica;No Aplica
201610;161629309302864000;-1;-1;-1;-1;No Aplica;No Aplica;No Aplica;No Aplica
201610;161629338249132000;-1;-1;-1;-1;No Aplica;No Aplica;No Aplica;No Aplica
201610;161629442777343000;-1;-1;-1;-1;No Aplica;No Aplica;No Aplica;No Aplica
201610;161629569819367000;-1;-1;-1;-1;No Aplica;No Aplica;No Aplica;No Aplica
201610;161629963810773000;-1;-1;-1;-1;No Aplica;No Aplica;No Aplica;No Aplica
201610;161630375492102000;-1;-1;-1;-1;No Aplica;No Aplica;No Aplica;No Aplica
201610;161631764920459000;-1;-1;-1;-1;No Aplica;No Aplica;No Aplica;No Aplica
201610;161631843719237000;-1;-1;-1;-1;No Aplica;No Aplica;No Aplica;No Aplica
201610;161632517529979000;-1;-1;-1;-1;No Aplica;No Aplica;No Aplica;No Aplica
201610;161632559341670000;-1;-1;-1;-1;No Aplica;No Aplica;No Aplica;No Aplica
201610;161632821468936000;-1;-1;-1;-1;No Aplica;No Aplica;No Aplica;No Aplica
201610;161632887402821000;-1;-1;-1;-1;No Aplica;No Aplica;No Aplica;No Aplica
201610;161640860677672000;-1;-1;-1;-1;No Aplica;No Aplica;No Aplica;No Aplica
201610;161640966817793000;-1;-1;-1;-1;No Aplica;No Aplica;No Aplica;No Aplica
201610;161641434799647000;-1;-1;-1;-1;No Aplica;No Aplica;No Aplica;No Aplica
201610;161641491086170000;-1;-1;-1;-1;No Aplica;No Aplica;No Aplica;No Aplica
201610;161641885092106000;-1;-1;-1;-1;No Aplica;No Aplica;No Aplica;No Aplica
201610;161641925296820000;-1;-1;-1;-1;No Aplica;No Aplica;No Aplica;No Aplica
201610;161642078074780000;-1;-1;-1;-1;No Aplica;No Aplica;No Aplica;No Aplica
201610;161642377198153000;-1;-1;-1;-1;No Aplica;No Aplica;No Aplica;No Aplica
201610;161642425443884000;-1;-1;-1;-1;No Aplica;No Aplica;No Aplica;No Aplica
201610;161642547666435000;-1;-1;-1;-1;No Aplica;No Aplica;No Aplica;No Aplica
201610;161642822667345000;-1;-1;-1;-1;No Aplica;No Aplica;No Aplica;No Aplica
201610;161643314774819000;-1;-1;-1;-1;No Aplica;No Aplica;No Aplica;No Aplica
201610;161643652496068000;-1;-1;-1;-1;No Aplica;No Aplica;No Aplica;No Aplica
201610;161643879251962000;-1;-1;-1;-1;No Aplica;No Aplica;No Aplica;No Aplica
201610;161643951620897000;-1;-1;-1;-1;No Aplica;No Aplica;No Aplica;No Aplica
201610;161644048112837000;-1;-1;-1;-1;No Aplica;No Aplica;No Aplica;No Aplica
201610;161645072537371000;-1;-1;-1;-1;No Aplica;No Aplica;No Aplica;No Aplica
201610;161645077361984000;-1;-1;-1;-1;No Aplica;No Aplica;No Aplica;No Aplica
201610;161645259089127000;-1;-1;-1;-1;No Aplica;No Aplica;No Aplica;No Aplica
201610;161645279995796000;-1;-1;-1;-1;No Aplica;No Aplica;No Aplica;No Aplica
201610;161645387745573000;-1;-1;-1;-1;No Aplica;No Aplica;No Aplica;No Aplica
201610;161781539774978000;-1;-1;-1;-1;No Aplica;No Aplica;No Aplica;No Aplica
201610;161781937169333000;-1;-1;-1;-1;No Aplica;No Aplica;No Aplica;No Aplica
201610;161782054617960000;-1;-1;-1;-1;No Aplica;No Aplica;No Aplica;No Aplica
201610;161782072315702000;-1;-1;-1;-1;No Aplica;No Aplica;No Aplica;No Aplica
201610;161782550155104000;-1;-1;-1;-1;No Aplica;No Aplica;No Aplica;No Aplica
201610;161782659559511000;-1;-1;-1;-1;No Aplica;No Aplica;No Aplica;No Aplica
201610;161782849408423000;-1;-1;-1;-1;No Aplica;No Aplica;No Aplica;No Aplica
201610;161783431826965000;-1;-1;-1;-1;No Aplica;No Aplica;No Aplica;No Aplica
201610;161783771303449000;-1;-1;-1;-1;No Aplica;No Aplica;No Aplica;No Aplica
201610;161784128478144000;-1;-1;-1;-1;No Aplica;No Aplica;No Aplica;No Aplica
201610;161784221794121000;-1;-1;-1;-1;No Aplica;No Aplica;No Aplica;No Aplica
201610;161784656196434000;-1;-1;-1;-1;No Aplica;No Aplica;No Aplica;No Aplica
201610;161785010154305000;-1;-1;-1;-1;No Aplica;No Aplica;No Aplica;No Aplica
201610;161785080945926000;-1;-1;-1;-1;No Aplica;No Aplica;No Aplica;No Aplica
201610;161785146910860000;-1;-1;-1;-1;No Aplica;No Aplica;No Aplica;No Aplica
201610;161785243444932000;-1;-1;-1;-1;No Aplica;No Aplica;No Aplica;No Aplica
201610;161785330325623000;-1;-1;-1;-1;No Aplica;No Aplica;No Aplica;No Aplica
201610;161785331934525000;-1;-1;-1;-1;No Aplica;No Aplica;No Aplica;No Aplica
201610;161785710026691000;-1;-1;-1;-1;No Aplica;No Aplica;No Aplica;No Aplica
201610;161785862872586000;-1;-1;-1;-1;No Aplica;No Aplica;No Aplica;No Aplica
201610;161786036634322000;-1;-1;-1;-1;No Aplica;No Aplica;No Aplica;No Aplica
201610;161786113861791000;-1;-1;-1;-1;No Aplica;No Aplica;No Aplica;No Aplica
201610;161786408291683000;-1;-1;-1;-1;No Aplica;No Aplica;No Aplica;No Aplica
201610;161786421162942000;-1;-1;-1;-1;No Aplica;No Aplica;No Aplica;No Aplica
201610;161786812127655000;-1;-1;-1;-1;No Aplica;No Aplica;No Aplica;No Aplica
201610;161786852350388000;-1;-1;-1;-1;No Aplica;No Aplica;No Aplica;No Aplica
201610;161787244924534000;-1;-1;-1;-1;No Aplica;No Aplica;No Aplica;No Aplica
201610;161787386508769000;-1;-1;-1;-1;No Aplica;No Aplica;No Aplica;No Aplica
201610;161787590840672000;-1;-1;-1;-1;No Aplica;No Aplica;No Aplica;No Aplica
201610;161787714727006000;-1;-1;-1;-1;No Aplica;No Aplica;No Aplica;No Aplica
201610;161788158787504000;-1;-1;-1;-1;No Aplica;No Aplica;No Aplica;No Aplica
201610;161788256931392000;-1;-1;-1;-1;No Aplica;No Aplica;No Aplica;No Aplica
201610;161788660769671000;-1;-1;-1;-1;No Aplica;No Aplica;No Aplica;No Aplica
201610;161789019558683000;-1;-1;-1;-1;No Aplica;No Aplica;No Aplica;No Aplica
201610;161789947906989000;-1;-1;-1;-1;No Aplica;No Aplica;No Aplica;No Aplica
201610;161790708929337000;-1;-1;-1;-1;No Aplica;No Aplica;No Aplica;No Aplica
201610;161791325149590000;-1;-1;-1;-1;No Aplica;No Aplica;No Aplica;No Aplica
201610;161791516612518000;-1;-1;-1;-1;No Aplica;No Aplica;No Aplica;No Aplica
201610;161791674287956000;-1;-1;-1;-1;No Aplica;No Aplica;No Aplica;No Aplica
201610;161793617885379000;-1;-1;-1;-1;No Aplica;No Aplica;No Aplica;No Aplica
201610;161803015858472000;-1;-1;-1;-1;No Aplica;No Aplica;No Aplica;No Aplica
201610;161803194456392000;-1;-1;-1;-1;No Aplica;No Aplica;No Aplica;No Aplica
201610;161803569351445000;-1;-1;-1;-1;No Aplica;No Aplica;No Aplica;No Aplica
201610;161803781738534000;-1;-1;-1;-1;No Aplica;No Aplica;No Aplica;No Aplica
201610;161804352931778000;-1;-1;-1;-1;No Aplica;No Aplica;No Aplica;No Aplica
201610;161804420509637000;-1;-1;-1;-1;No Aplica;No Aplica;No Aplica;No Aplica
201610;161804459125562000;-1;-1;-1;-1;No Aplica;No Aplica;No Aplica;No Aplica
201610;161804758399143000;-1;-1;-1;-1;No Aplica;No Aplica;No Aplica;No Aplica
201610;161804790579114000;-1;-1;-1;-1;No Aplica;No Aplica;No Aplica;No Aplica
201610;161804822759089000;-1;-1;-1;-1;No Aplica;No Aplica;No Aplica;No Aplica
201610;161804932171026000;-1;-1;-1;-1;No Aplica;No Aplica;No Aplica;No Aplica
201610;161804983659010000;-1;-1;-1;-1;No Aplica;No Aplica;No Aplica;No Aplica
201610;161805007794005000;-1;-1;-1;-1;No Aplica;No Aplica;No Aplica;No Aplica
201610;161805113988004000;-1;-1;-1;-1;No Aplica;No Aplica;No Aplica;No Aplica
201610;161805167085017000;-1;-1;-1;-1;No Aplica;No Aplica;No Aplica;No Aplica
201610;161805176739020000;-1;-1;-1;-1;No Aplica;No Aplica;No Aplica;No Aplica
201610;161805403608180000;-1;-1;-1;-1;No Aplica;No Aplica;No Aplica;No Aplica
201610;161805532328341000;-1;-1;-1;-1;No Aplica;No Aplica;No Aplica;No Aplica
201610;161805640131516000;-1;-1;-1;-1;No Aplica;No Aplica;No Aplica;No Aplica
201610;161805854128968000;-1;-1;-1;-1;No Aplica;No Aplica;No Aplica;No Aplica
201610;161805865391996000;-1;-1;-1;-1;No Aplica;No Aplica;No Aplica;No Aplica
201610;161805904008094000;-1;-1;-1;-1;No Aplica;No Aplica;No Aplica;No Aplica
201610;161805907226102000;-1;-1;-1;-1;No Aplica;No Aplica;No Aplica;No Aplica
201610;161805928143158000;-1;-1;-1;-1;No Aplica;No Aplica;No Aplica;No Aplica
201610;161805963541254000;-1;-1;-1;-1;No Aplica;No Aplica;No Aplica;No Aplica
201610;161805995721346000;-1;-1;-1;-1;No Aplica;No Aplica;No Aplica;No Aplica
201610;161806169493893000;-1;-1;-1;-1;No Aplica;No Aplica;No Aplica;No Aplica
201610;161806201674005000;-1;-1;-1;-1;No Aplica;No Aplica;No Aplica;No Aplica
201610;161806206501022000;-1;-1;-1;-1;No Aplica;No Aplica;No Aplica;No Aplica
201610;161806280515292000;-1;-1;-1;-1;No Aplica;No Aplica;No Aplica;No Aplica
201610;161806286951316000;-1;-1;-1;-1;No Aplica;No Aplica;No Aplica;No Aplica
201610;161806298214359000;-1;-1;-1;-1;No Aplica;No Aplica;No Aplica;No Aplica
201610;161806360965605000;-1;-1;-1;-1;No Aplica;No Aplica;No Aplica;No Aplica
201610;161806410844809000;-1;-1;-1;-1;No Aplica;No Aplica;No Aplica;No Aplica
201610;161806465551042000;-1;-1;-1;-1;No Aplica;No Aplica;No Aplica;No Aplica
201610;161806484859126000;-1;-1;-1;-1;No Aplica;No Aplica;No Aplica;No Aplica
201610;161806541174378000;-1;-1;-1;-1;No Aplica;No Aplica;No Aplica;No Aplica
201610;161806613579717000;-1;-1;-1;-1;No Aplica;No Aplica;No Aplica;No Aplica
201610;161806668285984000;-1;-1;-1;-1;No Aplica;No Aplica;No Aplica;No Aplica
201610;161806684376064000;-1;-1;-1;-1;No Aplica;No Aplica;No Aplica;No Aplica
201610;161806689203088000;-1;-1;-1;-1;No Aplica;No Aplica;No Aplica;No Aplica
201610;161806792179622000;-1;-1;-1;-1;No Aplica;No Aplica;No Aplica;No Aplica
201610;161806861367000000;-1;-1;-1;-1;No Aplica;No Aplica;No Aplica;No Aplica
201610;161806912855290000;-1;-1;-1;-1;No Aplica;No Aplica;No Aplica;No Aplica
201610;161807093064371000;-1;-1;-1;-1;No Aplica;No Aplica;No Aplica;No Aplica
201610;161807327979930000;-1;-1;-1;-1;No Aplica;No Aplica;No Aplica;No Aplica
201610;161807439001726000;-1;-1;-1;-1;No Aplica;No Aplica;No Aplica;No Aplica
201610;161807506580229000;-1;-1;-1;-1;No Aplica;No Aplica;No Aplica;No Aplica
201610;161807672308524000;-1;-1;-1;-1;No Aplica;No Aplica;No Aplica;No Aplica
201610;161807693225693000;-1;-1;-1;-1;No Aplica;No Aplica;No Aplica;No Aplica
201610;161807723796943000;-1;-1;-1;-1;No Aplica;No Aplica;No Aplica;No Aplica
201610;161807775285370000;-1;-1;-1;-1;No Aplica;No Aplica;No Aplica;No Aplica
201610;161807852518027000;-1;-1;-1;-1;No Aplica;No Aplica;No Aplica;No Aplica
201610;161807873435208000;-1;-1;-1;-1;No Aplica;No Aplica;No Aplica;No Aplica
201610;161807968367047000;-1;-1;-1;-1;No Aplica;No Aplica;No Aplica;No Aplica
201610;161807974803104000;-1;-1;-1;-1;No Aplica;No Aplica;No Aplica;No Aplica
201610;161808171102930000;-1;-1;-1;-1;No Aplica;No Aplica;No Aplica;No Aplica
201610;161808201674226000;-1;-1;-1;-1;No Aplica;No Aplica;No Aplica;No Aplica
201610;161808521868490000;-1;-1;-1;-1;No Aplica;No Aplica;No Aplica;No Aplica
201610;161808550830801000;-1;-1;-1;-1;No Aplica;No Aplica;No Aplica;No Aplica
201610;161808713341593000;-1;-1;-1;-1;No Aplica;No Aplica;No Aplica;No Aplica
201610;161808719777666000;-1;-1;-1;-1;No Aplica;No Aplica;No Aplica;No Aplica
201610;161808724604721000;-1;-1;-1;-1;No Aplica;No Aplica;No Aplica;No Aplica
201610;161808885506582000;-1;-1;-1;-1;No Aplica;No Aplica;No Aplica;No Aplica
201610;161809125250502000;-1;-1;-1;-1;No Aplica;No Aplica;No Aplica;No Aplica
201610;161809311896900000;-1;-1;-1;-1;No Aplica;No Aplica;No Aplica;No Aplica
201610;161809392347966000;-1;-1;-1;-1;No Aplica;No Aplica;No Aplica;No Aplica
201610;161809554859181000;-1;-1;-1;-1;No Aplica;No Aplica;No Aplica;No Aplica
201610;161809805866763000;-1;-1;-1;-1;No Aplica;No Aplica;No Aplica;No Aplica
201610;161809931370627000;-1;-1;-1;-1;No Aplica;No Aplica;No Aplica;No Aplica
201610;161809997340626000;-1;-1;-1;-1;No Aplica;No Aplica;No Aplica;No Aplica
201610;161943005713559000;-1;-1;-1;-1;No Aplica;No Aplica;No Aplica;No Aplica
201610;161944328877917000;-1;-1;-1;-1;No Aplica;No Aplica;No Aplica;No Aplica
201610;161944576770624000;-1;-1;-1;-1;No Aplica;No Aplica;No Aplica;No Aplica
201610;161944992071819000;-1;-1;-1;-1;No Aplica;No Aplica;No Aplica;No Aplica
201610;161945000120297000;-1;-1;-1;-1;No Aplica;No Aplica;No Aplica;No Aplica
201610;161945054849953000;-1;-1;-1;-1;No Aplica;No Aplica;No Aplica;No Aplica
201610;161945170748078000;-1;-1;-1;-1;No Aplica;No Aplica;No Aplica;No Aplica
201610;161945186845043000;-1;-1;-1;-1;No Aplica;No Aplica;No Aplica;No Aplica
201610;161945357472922000;-1;-1;-1;-1;No Aplica;No Aplica;No Aplica;No Aplica
201610;161945479809948000;-1;-1;-1;-1;No Aplica;No Aplica;No Aplica;No Aplica
201610;161945589269431000;-1;-1;-1;-1;No Aplica;No Aplica;No Aplica;No Aplica
201610;161945590879130000;-1;-1;-1;-1;No Aplica;No Aplica;No Aplica;No Aplica
201610;161945608585814000;-1;-1;-1;-1;No Aplica;No Aplica;No Aplica;No Aplica
201610;161945631121596000;-1;-1;-1;-1;No Aplica;No Aplica;No Aplica;No Aplica
201610;161945653657380000;-1;-1;-1;-1;No Aplica;No Aplica;No Aplica;No Aplica
201610;161945864528000000;-1;-1;-1;-1;No Aplica;No Aplica;No Aplica;No Aplica
201610;161945869357100000;-1;-1;-1;-1;No Aplica;No Aplica;No Aplica;No Aplica
201610;161946022278631000;-1;-1;-1;-1;No Aplica;No Aplica;No Aplica;No Aplica
201610;161946070569656000;-1;-1;-1;-1;No Aplica;No Aplica;No Aplica;No Aplica
201610;161946128518895000;-1;-1;-1;-1;No Aplica;No Aplica;No Aplica;No Aplica
201610;161946157493518000;-1;-1;-1;-1;No Aplica;No Aplica;No Aplica;No Aplica
201610;161946189687547000;-1;-1;-1;-1;No Aplica;No Aplica;No Aplica;No Aplica
201610;161946271782336000;-1;-1;-1;-1;No Aplica;No Aplica;No Aplica;No Aplica
201610;161946307195781000;-1;-1;-1;-1;No Aplica;No Aplica;No Aplica;No Aplica
201610;161946590503478000;-1;-1;-1;-1;No Aplica;No Aplica;No Aplica;No Aplica
201610;161946767570914000;-1;-1;-1;-1;No Aplica;No Aplica;No Aplica;No Aplica
201610;161946989710199000;-1;-1;-1;-1;No Aplica;No Aplica;No Aplica;No Aplica
201610;161947075024602000;-1;-1;-1;-1;No Aplica;No Aplica;No Aplica;No Aplica
201610;161947147461377000;-1;-1;-1;-1;No Aplica;No Aplica;No Aplica;No Aplica
201610;161947379259167000;-1;-1;-1;-1;No Aplica;No Aplica;No Aplica;No Aplica
201610;161947561156160000;-1;-1;-1;-1;No Aplica;No Aplica;No Aplica;No Aplica
201610;161947652909549000;-1;-1;-1;-1;No Aplica;No Aplica;No Aplica;No Aplica
201610;161947858952342000;-1;-1;-1;-1;No Aplica;No Aplica;No Aplica;No Aplica
201610;161947907243640000;-1;-1;-1;-1;No Aplica;No Aplica;No Aplica;No Aplica
201610;161948024752497000;-1;-1;-1;-1;No Aplica;No Aplica;No Aplica;No Aplica
201610;161948119725440000;-1;-1;-1;-1;No Aplica;No Aplica;No Aplica;No Aplica
201610;161948126164284000;-1;-1;-1;-1;No Aplica;No Aplica;No Aplica;No Aplica
201610;161948391766734000;-1;-1;-1;-1;No Aplica;No Aplica;No Aplica;No Aplica
201610;161948489959211000;-1;-1;-1;-1;No Aplica;No Aplica;No Aplica;No Aplica
201610;161948541470030000;-1;-1;-1;-1;No Aplica;No Aplica;No Aplica;No Aplica
201610;161948546299169000;-1;-1;-1;-1;No Aplica;No Aplica;No Aplica;No Aplica
201610;161948576883722000;-1;-1;-1;-1;No Aplica;No Aplica;No Aplica;No Aplica
201610;161948773268817000;-1;-1;-1;-1;No Aplica;No Aplica;No Aplica;No Aplica
201610;161948842486542000;-1;-1;-1;-1;No Aplica;No Aplica;No Aplica;No Aplica
201610;161948966434600000;-1;-1;-1;-1;No Aplica;No Aplica;No Aplica;No Aplica
201610;161949067846682000;-1;-1;-1;-1;No Aplica;No Aplica;No Aplica;No Aplica
201610;161949156381065000;-1;-1;-1;-1;No Aplica;No Aplica;No Aplica;No Aplica
201610;161949244915472000;-1;-1;-1;-1;No Aplica;No Aplica;No Aplica;No Aplica
201610;161949330230470000;-1;-1;-1;-1;No Aplica;No Aplica;No Aplica;No Aplica
201610;161949457398149000;-1;-1;-1;-1;No Aplica;No Aplica;No Aplica;No Aplica
201610;161949574907568000;-1;-1;-1;-1;No Aplica;No Aplica;No Aplica;No Aplica
201610;161949602272781000;-1;-1;-1;-1;No Aplica;No Aplica;No Aplica;No Aplica
201610;161949702075343000;-1;-1;-1;-1;No Aplica;No Aplica;No Aplica;No Aplica
201610;161949779341864000;-1;-1;-1;-1;No Aplica;No Aplica;No Aplica;No Aplica
201610;161949816365412000;-1;-1;-1;-1;No Aplica;No Aplica;No Aplica;No Aplica
201610;161949956411044000;-1;-1;-1;-1;No Aplica;No Aplica;No Aplica;No Aplica
201610;161950154406696000;-1;-1;-1;-1;No Aplica;No Aplica;No Aplica;No Aplica
201610;161950428059422000;-1;-1;-1;-1;No Aplica;No Aplica;No Aplica;No Aplica
201610;161950444156649000;-1;-1;-1;-1;No Aplica;No Aplica;No Aplica;No Aplica
201610;161950452205262000;-1;-1;-1;-1;No Aplica;No Aplica;No Aplica;No Aplica
201610;161950476351104000;-1;-1;-1;-1;No Aplica;No Aplica;No Aplica;No Aplica
201610;161950587421999000;-1;-1;-1;-1;No Aplica;No Aplica;No Aplica;No Aplica
201610;161950711370724000;-1;-1;-1;-1;No Aplica;No Aplica;No Aplica;No Aplica
201610;161950920634913000;-1;-1;-1;-1;No Aplica;No Aplica;No Aplica;No Aplica
201610;161950967316942000;-1;-1;-1;-1;No Aplica;No Aplica;No Aplica;No Aplica
201610;161951208775824000;-1;-1;-1;-1;No Aplica;No Aplica;No Aplica;No Aplica
201610;161951265116256000;-1;-1;-1;-1;No Aplica;No Aplica;No Aplica;No Aplica
201610;161951294091339000;-1;-1;-1;-1;No Aplica;No Aplica;No Aplica;No Aplica
201610;161951488868353000;-1;-1;-1;-1;No Aplica;No Aplica;No Aplica;No Aplica
201610;161951514624000000;-1;-1;-1;-1;No Aplica;No Aplica;No Aplica;No Aplica
201610;161951553257474000;-1;-1;-1;-1;No Aplica;No Aplica;No Aplica;No Aplica
201610;161951556476931000;-1;-1;-1;-1;No Aplica;No Aplica;No Aplica;No Aplica
201610;161951796326522000;-1;-1;-1;-1;No Aplica;No Aplica;No Aplica;No Aplica
201610;161951899349220000;-1;-1;-1;-1;No Aplica;No Aplica;No Aplica;No Aplica
201610;161952150467184000;-1;-1;-1;-1;No Aplica;No Aplica;No Aplica;No Aplica
201610;161952166564496000;-1;-1;-1;-1;No Aplica;No Aplica;No Aplica;No Aplica
201610;161952436999457000;-1;-1;-1;-1;No Aplica;No Aplica;No Aplica;No Aplica
201610;161952725141718000;-1;-1;-1;-1;No Aplica;No Aplica;No Aplica;No Aplica
201610;161952976260322000;-1;-1;-1;-1;No Aplica;No Aplica;No Aplica;No Aplica
201610;161953132404680000;-1;-1;-1;-1;No Aplica;No Aplica;No Aplica;No Aplica
201610;161953320743852000;-1;-1;-1;-1;No Aplica;No Aplica;No Aplica;No Aplica
201610;161953666837486000;-1;-1;-1;-1;No Aplica;No Aplica;No Aplica;No Aplica
201610;161953995224347000;-1;-1;-1;-1;No Aplica;No Aplica;No Aplica;No Aplica
201610;161954077321114000;-1;-1;-1;-1;No Aplica;No Aplica;No Aplica;No Aplica
201610;161954383171998000;-1;-1;-1;-1;No Aplica;No Aplica;No Aplica;No Aplica
201610;161954523219605000;-1;-1;-1;-1;No Aplica;No Aplica;No Aplica;No Aplica
201610;161954835509888000;-1;-1;-1;-1;No Aplica;No Aplica;No Aplica;No Aplica
201610;161954856436567000;-1;-1;-1;-1;No Aplica;No Aplica;No Aplica;No Aplica
201610;161955294287396000;-1;-1;-1;-1;No Aplica;No Aplica;No Aplica;No Aplica
201610;161955321653093000;-1;-1;-1;-1;No Aplica;No Aplica;No Aplica;No Aplica
201610;161961760704773000;-1;-1;-1;-1;No Aplica;No Aplica;No Aplica;No Aplica
201610;161961789680795000;-1;-1;-1;-1;No Aplica;No Aplica;No Aplica;No Aplica
201610;161961899145790000;-1;-1;-1;-1;No Aplica;No Aplica;No Aplica;No Aplica
201610;161961920072925000;-1;-1;-1;-1;No Aplica;No Aplica;No Aplica;No Aplica
201610;161961934560943000;-1;-1;-1;-1;No Aplica;No Aplica;No Aplica;No Aplica
201610;161961998952141000;-1;-1;-1;-1;No Aplica;No Aplica;No Aplica;No Aplica
201610;161963347950677000;-1;-1;-1;-1;No Aplica;No Aplica;No Aplica;No Aplica
201610;161963508929398000;-1;-1;-1;-1;No Aplica;No Aplica;No Aplica;No Aplica
201610;161963632883067000;-1;-1;-1;-1;No Aplica;No Aplica;No Aplica;No Aplica
201610;161963832496868000;-1;-1;-1;-1;No Aplica;No Aplica;No Aplica;No Aplica
201610;161963864692654000;-1;-1;-1;-1;No Aplica;No Aplica;No Aplica;No Aplica
201610;161963911376550000;-1;-1;-1;-1;No Aplica;No Aplica;No Aplica;No Aplica
201610;161963917815708000;-1;-1;-1;-1;No Aplica;No Aplica;No Aplica;No Aplica
201610;161963974158350000;-1;-1;-1;-1;No Aplica;No Aplica;No Aplica;No Aplica
201610;161964307385035000;-1;-1;-1;-1;No Aplica;No Aplica;No Aplica;No Aplica
201610;161964318653576000;-1;-1;-1;-1;No Aplica;No Aplica;No Aplica;No Aplica
201610;161964403972544000;-1;-1;-1;-1;No Aplica;No Aplica;No Aplica;No Aplica
201610;161964437778179000;-1;-1;-1;-1;No Aplica;No Aplica;No Aplica;No Aplica
201610;161964460315271000;-1;-1;-1;-1;No Aplica;No Aplica;No Aplica;No Aplica
201610;161964540804898000;-1;-1;-1;-1;No Aplica;No Aplica;No Aplica;No Aplica
201610;161964721101734000;-1;-1;-1;-1;No Aplica;No Aplica;No Aplica;No Aplica
201610;161964759736784000;-1;-1;-1;-1;No Aplica;No Aplica;No Aplica;No Aplica
201610;161964780664104000;-1;-1;-1;-1;No Aplica;No Aplica;No Aplica;No Aplica
201610;161964783883692000;-1;-1;-1;-1;No Aplica;No Aplica;No Aplica;No Aplica
201610;161964791932662000;-1;-1;-1;-1;No Aplica;No Aplica;No Aplica;No Aplica
201610;161964967400254000;-1;-1;-1;-1;No Aplica;No Aplica;No Aplica;No Aplica
201610;161965036621440000;-1;-1;-1;-1;No Aplica;No Aplica;No Aplica;No Aplica
201610;161965126769984000;-1;-1;-1;-1;No Aplica;No Aplica;No Aplica;No Aplica
201610;161965134818962000;-1;-1;-1;-1;No Aplica;No Aplica;No Aplica;No Aplica
201610;161965141258145000;-1;-1;-1;-1;No Aplica;No Aplica;No Aplica;No Aplica
201610;161965290969181000;-1;-1;-1;-1;No Aplica;No Aplica;No Aplica;No Aplica
201610;161965311896536000;-1;-1;-1;-1;No Aplica;No Aplica;No Aplica;No Aplica
201610;161965384337390000;-1;-1;-1;-1;No Aplica;No Aplica;No Aplica;No Aplica
201610;161965482535017000;-1;-1;-1;-1;No Aplica;No Aplica;No Aplica;No Aplica
201610;161965835080843000;-1;-1;-1;-1;No Aplica;No Aplica;No Aplica;No Aplica
201610;161965897863017000;-1;-1;-1;-1;No Aplica;No Aplica;No Aplica;No Aplica
201610;161965957425603000;-1;-1;-1;-1;No Aplica;No Aplica;No Aplica;No Aplica
201610;161966073331208000;-1;-1;-1;-1;No Aplica;No Aplica;No Aplica;No Aplica
201610;161966214993670000;-1;-1;-1;-1;No Aplica;No Aplica;No Aplica;No Aplica
201610;161966223042675000;-1;-1;-1;-1;No Aplica;No Aplica;No Aplica;No Aplica
201610;161966453244314000;-1;-1;-1;-1;No Aplica;No Aplica;No Aplica;No Aplica
201610;161966464512929000;-1;-1;-1;-1;No Aplica;No Aplica;No Aplica;No Aplica
201610;161966517636410000;-1;-1;-1;-1;No Aplica;No Aplica;No Aplica;No Aplica
201610;161966556271673000;-1;-1;-1;-1;No Aplica;No Aplica;No Aplica;No Aplica
201610;161966561101082000;-1;-1;-1;-1;No Aplica;No Aplica;No Aplica;No Aplica
201610;161966604565759000;-1;-1;-1;-1;No Aplica;No Aplica;No Aplica;No Aplica
201610;161966643201034000;-1;-1;-1;-1;No Aplica;No Aplica;No Aplica;No Aplica
201610;161966771985314000;-1;-1;-1;-1;No Aplica;No Aplica;No Aplica;No Aplica
201610;161966871793166000;-1;-1;-1;-1;No Aplica;No Aplica;No Aplica;No Aplica
201610;161967003797148000;-1;-1;-1;-1;No Aplica;No Aplica;No Aplica;No Aplica
201610;161967023114808000;-1;-1;-1;-1;No Aplica;No Aplica;No Aplica;No Aplica
201610;161967044042274000;-1;-1;-1;-1;No Aplica;No Aplica;No Aplica;No Aplica
201610;161967053701106000;-1;-1;-1;-1;No Aplica;No Aplica;No Aplica;No Aplica
201610;161967095556044000;-1;-1;-1;-1;No Aplica;No Aplica;No Aplica;No Aplica
201610;161967100385460000;-1;-1;-1;-1;No Aplica;No Aplica;No Aplica;No Aplica
201610;161967121312932000;-1;-1;-1;-1;No Aplica;No Aplica;No Aplica;No Aplica
201610;161967156728656000;-1;-1;-1;-1;No Aplica;No Aplica;No Aplica;No Aplica
201610;161967361174049000;-1;-1;-1;-1;No Aplica;No Aplica;No Aplica;No Aplica
201610;161967565619571000;-1;-1;-1;-1;No Aplica;No Aplica;No Aplica;No Aplica
201610;161967908508807000;-1;-1;-1;-1;No Aplica;No Aplica;No Aplica;No Aplica
201610;161968121003727000;-1;-1;-1;-1;No Aplica;No Aplica;No Aplica;No Aplica
201610;161968302912368000;-1;-1;-1;-1;No Aplica;No Aplica;No Aplica;No Aplica
201610;161968393061821000;-1;-1;-1;-1;No Aplica;No Aplica;No Aplica;No Aplica
201610;161968486430923000;-1;-1;-1;-1;No Aplica;No Aplica;No Aplica;No Aplica
201610;161968491260360000;-1;-1;-1;-1;No Aplica;No Aplica;No Aplica;No Aplica
201610;161968911421661000;-1;-1;-1;-1;No Aplica;No Aplica;No Aplica;No Aplica
201610;162104468442048000;-1;-1;-1;-1;No Aplica;No Aplica;No Aplica;No Aplica
201610;162104528030108000;-1;-1;-1;-1;No Aplica;No Aplica;No Aplica;No Aplica
201610;162106777890020000;-1;-1;-1;-1;No Aplica;No Aplica;No Aplica;No Aplica
201610;162106793995014000;-1;-1;-1;-1;No Aplica;No Aplica;No Aplica;No Aplica
201610;162107473626524000;-1;-1;-1;-1;No Aplica;No Aplica;No Aplica;No Aplica
201610;162107565425202000;-1;-1;-1;-1;No Aplica;No Aplica;No Aplica;No Aplica
201610;162107616961314000;-1;-1;-1;-1;No Aplica;No Aplica;No Aplica;No Aplica
201610;162107845652907000;-1;-1;-1;-1;No Aplica;No Aplica;No Aplica;No Aplica
201610;162108420603610000;-1;-1;-1;-1;No Aplica;No Aplica;No Aplica;No Aplica
201610;162108526897129000;-1;-1;-1;-1;No Aplica;No Aplica;No Aplica;No Aplica
201610;162108646074752000;-1;-1;-1;-1;No Aplica;No Aplica;No Aplica;No Aplica
201610;162108799073117000;-1;-1;-1;-1;No Aplica;No Aplica;No Aplica;No Aplica
201610;162108916640330000;-1;-1;-1;-1;No Aplica;No Aplica;No Aplica;No Aplica
201610;162109048702182000;-1;-1;-1;-1;No Aplica;No Aplica;No Aplica;No Aplica
201610;162109105070062000;-1;-1;-1;-1;No Aplica;No Aplica;No Aplica;No Aplica
201610;162109150164374000;-1;-1;-1;-1;No Aplica;No Aplica;No Aplica;No Aplica
201610;162109303162976000;-1;-1;-1;-1;No Aplica;No Aplica;No Aplica;No Aplica
201610;162109907105533000;-1;-1;-1;-1;No Aplica;No Aplica;No Aplica;No Aplica
201610;162110148682870000;-1;-1;-1;-1;No Aplica;No Aplica;No Aplica;No Aplica
201610;162110267861090000;-1;-1;-1;-1;No Aplica;No Aplica;No Aplica;No Aplica
201610;162110443407466000;-1;-1;-1;-1;No Aplica;No Aplica;No Aplica;No Aplica
201610;162110670490534000;-1;-1;-1;-1;No Aplica;No Aplica;No Aplica;No Aplica
201610;162111005478612000;-1;-1;-1;-1;No Aplica;No Aplica;No Aplica;No Aplica
201610;162111577213872000;-1;-1;-1;-1;No Aplica;No Aplica;No Aplica;No Aplica
201610;162111999171246000;-1;-1;-1;-1;No Aplica;No Aplica;No Aplica;No Aplica
201610;162112224644877000;-1;-1;-1;-1;No Aplica;No Aplica;No Aplica;No Aplica
201610;162112641771508000;-1;-1;-1;-1;No Aplica;No Aplica;No Aplica;No Aplica
201610;162113374562835000;-1;-1;-1;-1;No Aplica;No Aplica;No Aplica;No Aplica
201610;162113532395030000;-1;-1;-1;-1;No Aplica;No Aplica;No Aplica;No Aplica
201610;162115228290705000;-1;-1;-1;-1;No Aplica;No Aplica;No Aplica;No Aplica
201610;162116479683800000;-1;-1;-1;-1;No Aplica;No Aplica;No Aplica;No Aplica
201610;162128261053765000;-1;-1;-1;-1;No Aplica;No Aplica;No Aplica;No Aplica
201610;162129016428931000;-1;-1;-1;-1;No Aplica;No Aplica;No Aplica;No Aplica
201610;162129369152691000;-1;-1;-1;-1;No Aplica;No Aplica;No Aplica;No Aplica
201610;162130863803753000;-1;-1;-1;-1;No Aplica;No Aplica;No Aplica;No Aplica
201619;161643451471472000;-1;-1;-1;-1;No Aplica;No Aplica;No Aplica;No Aplica
201619;162104502262297000;-1;-1;-1;-1;No Aplica;No Aplica;No Aplica;No Aplica
201619;162103763049085000;-1;-1;-1;-1;No Aplica;No Aplica;No Aplica;No Aplica
201619;161814044062635000;-1;-1;-1;-1;No Aplica;No Aplica;No Aplica;No Aplica
201619;161966879842188000;-1;-1;-1;-1;No Aplica;No Aplica;No Aplica;No Aplica
201619;161966078160609000;-1;-1;-1;-1;No Aplica;No Aplica;No Aplica;No Aplica
201619;161964899788877000;-1;-1;-1;-1;No Aplica;No Aplica;No Aplica;No Aplica
201619;161805580598415000;-1;-1;-1;-1;No Aplica;No Aplica;No Aplica;No Aplica
201619;162132306921660000;-1;-1;-1;-1;No Aplica;No Aplica;No Aplica;No Aplica
201619;161965569464089000;-1;-1;-1;-1;No Aplica;No Aplica;No Aplica;No Aplica
201619;161475787440250000;-1;-1;-1;-1;No Aplica;No Aplica;No Aplica;No Aplica
201620;161948607468279000;-1;-1;-1;-1;No Aplica;No Aplica;No Aplica;No Aplica
201620;161808862980316000;-1;-1;-1;-1;No Aplica;No Aplica;No Aplica;No Aplica
201620;161641838454644000;-1;-1;-1;-1;No Aplica;No Aplica;No Aplica;No Aplica
201620;161807411648526000;-1;-1;-1;-1;No Aplica;No Aplica;No Aplica;No Aplica
201620;161965513121170000;-1;-1;-1;-1;No Aplica;No Aplica;No Aplica;No Aplica
201620;161806621624756000;-1;-1;-1;-1;No Aplica;No Aplica;No Aplica;No Aplica
201620;161950222014995000;-1;-1;-1;-1;No Aplica;No Aplica;No Aplica;No Aplica
201620;160512622740551000;-1;-1;-1;-1;No Aplica;No Aplica;No Aplica;No Aplica
201620;161804948261020000;-1;-1;-1;-1;No Aplica;No Aplica;No Aplica;No Aplica
201620;161961899145790000;-1;-1;-1;-1;No Aplica;No Aplica;No Aplica;No Aplica
201620;161643115358628000;-1;-1;-1;-1;No Aplica;No Aplica;No Aplica;No Aplica
201620;161955796528782000;-1;-1;-1;-1;No Aplica;No Aplica;No Aplica;No Aplica
201620;161954256002385000;-1;-1;-1;-1;No Aplica;No Aplica;No Aplica;No Aplica
201620;161788692948041000;-1;-1;-1;-1;No Aplica;No Aplica;No Aplica;No Aplica
201620;162109597886803000;-1;-1;-1;-1;No Aplica;No Aplica;No Aplica;No Aplica
201620;161967704063069000;-1;-1;-1;-1;No Aplica;No Aplica;No Aplica;No Aplica
201620;162271528726995000;-1;-1;-1;-1;No Aplica;No Aplica;No Aplica;No Aplica
201620;161481599713544000;-1;-1;-1;-1;No Aplica;No Aplica;No Aplica;No Aplica
201620;161950373328859000;-1;-1;-1;-1;No Aplica;No Aplica;No Aplica;No Aplica
201620;162113931807458000;-1;-1;-1;-1;No Aplica;No Aplica;No Aplica;No Aplica
201620;162108441540209000;-1;-1;-1;-1;No Aplica;No Aplica;No Aplica;No Aplica
201620;161964756517196000;-1;-1;-1;-1;No Aplica;No Aplica;No Aplica;No Aplica
201620;161964952912100000;-1;-1;-1;-1;No Aplica;No Aplica;No Aplica;No Aplica
201620;161806402799776000;-1;-1;-1;-1;No Aplica;No Aplica;No Aplica;No Aplica
201620;161966694714740000;-1;-1;-1;-1;No Aplica;No Aplica;No Aplica;No Aplica
201620;162110127746160000;-1;-1;-1;-1;No Aplica;No Aplica;No Aplica;No Aplica
201620;161804047222593000;-1;-1;-1;-1;No Aplica;No Aplica;No Aplica;No Aplica
201620;161946914054049000;-1;-1;-1;-1;No Aplica;No Aplica;No Aplica;No Aplica
201620;161947105609016000;-1;-1;-1;-1;No Aplica;No Aplica;No Aplica;No Aplica
201620;162112791550700000;-1;-1;-1;-1;No Aplica;No Aplica;No Aplica;No Aplica
201620;161947762369766000;-1;-1;-1;-1;No Aplica;No Aplica;No Aplica;No Aplica
201620;161968858297788000;-1;-1;-1;-1;No Aplica;No Aplica;No Aplica;No Aplica
201620;161951907397870000;-1;-1;-1;-1;No Aplica;No Aplica;No Aplica;No Aplica
201620;161951886471381000;-1;-1;-1;-1;No Aplica;No Aplica;No Aplica;No Aplica
201620;161947799393083000;-1;-1;-1;-1;No Aplica;No Aplica;No Aplica;No Aplica
201620;161465264212689000;-1;-1;-1;-1;No Aplica;No Aplica;No Aplica;No Aplica
201620;161965371459015000;-1;-1;-1;-1;No Aplica;No Aplica;No Aplica;No Aplica
201620;162111799466161000;-1;-1;-1;-1;No Aplica;No Aplica;No Aplica;No Aplica
201620;162113864164996000;-1;-1;-1;-1;No Aplica;No Aplica;No Aplica;No Aplica
201620;161644885985722000;-1;-1;-1;-1;No Aplica;No Aplica;No Aplica;No Aplica
201620;161946060911450000;-1;-1;-1;-1;No Aplica;No Aplica;No Aplica;No Aplica
201620;162111267993550000;-1;-1;-1;-1;No Aplica;No Aplica;No Aplica;No Aplica
201620;161644101183416000;-1;-1;-1;-1;No Aplica;No Aplica;No Aplica;No Aplica
201620;161809949069893000;-1;-1;-1;-1;No Aplica;No Aplica;No Aplica;No Aplica
201620;161807677135562000;-1;-1;-1;-1;No Aplica;No Aplica;No Aplica;No Aplica
201620;161785119559544000;-1;-1;-1;-1;No Aplica;No Aplica;No Aplica;No Aplica
201620;161626890690541000;-1;-1;-1;-1;No Aplica;No Aplica;No Aplica;No Aplica
201620;161806248335173000;-1;-1;-1;-1;No Aplica;No Aplica;No Aplica;No Aplica
201620;161965437460693000;-1;-1;-1;-1;No Aplica;No Aplica;No Aplica;No Aplica
201620;161787516830676000;-1;-1;-1;-1;No Aplica;No Aplica;No Aplica;No Aplica
201620;161805421307199000;-1;-1;-1;-1;No Aplica;No Aplica;No Aplica;No Aplica
201620;161951202336919000;-1;-1;-1;-1;No Aplica;No Aplica;No Aplica;No Aplica
201620;161629412222939000;-1;-1;-1;-1;No Aplica;No Aplica;No Aplica;No Aplica
201620;161803593486334000;-1;-1;-1;-1;No Aplica;No Aplica;No Aplica;No Aplica
201620;161639537145463000;-1;-1;-1;-1;No Aplica;No Aplica;No Aplica;No Aplica
201620;161964996376562000;-1;-1;-1;-1;No Aplica;No Aplica;No Aplica;No Aplica
201620;162109076080866000;-1;-1;-1;-1;No Aplica;No Aplica;No Aplica;No Aplica
201620;161782785052847000;-1;-1;-1;-1;No Aplica;No Aplica;No Aplica;No Aplica
201620;161966451634511000;-1;-1;-1;-1;No Aplica;No Aplica;No Aplica;No Aplica
201620;161782371568578000;-1;-1;-1;-1;No Aplica;No Aplica;No Aplica;No Aplica
201620;161946340999527000;-1;-1;-1;-1;No Aplica;No Aplica;No Aplica;No Aplica
201620;162108871546052000;-1;-1;-1;-1;No Aplica;No Aplica;No Aplica;No Aplica
201620;161953274061483000;-1;-1;-1;-1;No Aplica;No Aplica;No Aplica;No Aplica
201620;161966176358447000;-1;-1;-1;-1;No Aplica;No Aplica;No Aplica;No Aplica
201620;161624452799092000;-1;-1;-1;-1;No Aplica;No Aplica;No Aplica;No Aplica
201620;161965035011645000;-1;-1;-1;-1;No Aplica;No Aplica;No Aplica;No Aplica
201620;161963864692654000;-1;-1;-1;-1;No Aplica;No Aplica;No Aplica;No Aplica
201620;161804737482163000;-1;-1;-1;-1;No Aplica;No Aplica;No Aplica;No Aplica
201620;161950143138648000;-1;-1;-1;-1;No Aplica;No Aplica;No Aplica;No Aplica
201620;161804911254035000;-1;-1;-1;-1;No Aplica;No Aplica;No Aplica;No Aplica
201620;161964463534856000;-1;-1;-1;-1;No Aplica;No Aplica;No Aplica;No Aplica
201620;161624140827502000;-1;-1;-1;-1;No Aplica;No Aplica;No Aplica;No Aplica
201620;162111179414866000;-1;-1;-1;-1;No Aplica;No Aplica;No Aplica;No Aplica
201620;161641346349417000;-1;-1;-1;-1;No Aplica;No Aplica;No Aplica;No Aplica
201620;161625289013084000;-1;-1;-1;-1;No Aplica;No Aplica;No Aplica;No Aplica
201620;161965524389753000;-1;-1;-1;-1;No Aplica;No Aplica;No Aplica;No Aplica
201620;161805307068092000;-1;-1;-1;-1;No Aplica;No Aplica;No Aplica;No Aplica
201620;162282779141583000;-1;-1;-1;-1;No Aplica;No Aplica;No Aplica;No Aplica
201620;161948457764953000;-1;-1;-1;-1;No Aplica;No Aplica;No Aplica;No Aplica
201620;161785330325623000;-1;-1;-1;-1;No Aplica;No Aplica;No Aplica;No Aplica
201620;161946691914816000;-1;-1;-1;-1;No Aplica;No Aplica;No Aplica;No Aplica
201620;161945738971431000;-1;-1;-1;-1;No Aplica;No Aplica;No Aplica;No Aplica
201620;161955812626276000;-1;-1;-1;-1;No Aplica;No Aplica;No Aplica;No Aplica
201620;161945437957802000;-1;-1;-1;-1;No Aplica;No Aplica;No Aplica;No Aplica
201620;161967947144237000;-1;-1;-1;-1;No Aplica;No Aplica;No Aplica;No Aplica
201620;161964281628371000;-1;-1;-1;-1;No Aplica;No Aplica;No Aplica;No Aplica
201620;161806444633952000;-1;-1;-1;-1;No Aplica;No Aplica;No Aplica;No Aplica
201620;162110351607973000;-1;-1;-1;-1;No Aplica;No Aplica;No Aplica;No Aplica
201620;161807561286647000;-1;-1;-1;-1;No Aplica;No Aplica;No Aplica;No Aplica
201620;161968092027139000;-1;-1;-1;-1;No Aplica;No Aplica;No Aplica;No Aplica
201620;162107280366234000;-1;-1;-1;-1;No Aplica;No Aplica;No Aplica;No Aplica
201620;162131506441403000;-1;-1;-1;-1;No Aplica;No Aplica;No Aplica;No Aplica
201620;161805593470436000;-1;-1;-1;-1;No Aplica;No Aplica;No Aplica;No Aplica
201620;161805611169465000;-1;-1;-1;-1;No Aplica;No Aplica;No Aplica;No Aplica
201620;162127851960061000;-1;-1;-1;-1;No Aplica;No Aplica;No Aplica;No Aplica
201620;161964236554214000;-1;-1;-1;-1;No Aplica;No Aplica;No Aplica;No Aplica
201620;161953980736684000;-1;-1;-1;-1;No Aplica;No Aplica;No Aplica;No Aplica
201620;161964199529018000;-1;-1;-1;-1;No Aplica;No Aplica;No Aplica;No Aplica
201620;161806430152890000;-1;-1;-1;-1;No Aplica;No Aplica;No Aplica;No Aplica
201620;161945924086903000;-1;-1;-1;-1;No Aplica;No Aplica;No Aplica;No Aplica
201620;162107906852093000;-1;-1;-1;-1;No Aplica;No Aplica;No Aplica;No Aplica
201620;161952829774446000;-1;-1;-1;-1;No Aplica;No Aplica;No Aplica;No Aplica
201620;162131200423315000;-1;-1;-1;-1;No Aplica;No Aplica;No Aplica;No Aplica
201620;161965051109597000;-1;-1;-1;-1;No Aplica;No Aplica;No Aplica;No Aplica
201620;161966298703335000;-1;-1;-1;-1;No Aplica;No Aplica;No Aplica;No Aplica
201620;161965249114476000;-1;-1;-1;-1;No Aplica;No Aplica;No Aplica;No Aplica
201620;161964767785753000;-1;-1;-1;-1;No Aplica;No Aplica;No Aplica;No Aplica
201620;161647381927034000;-1;-1;-1;-1;No Aplica;No Aplica;No Aplica;No Aplica
201620;161944539747676000;-1;-1;-1;-1;No Aplica;No Aplica;No Aplica;No Aplica
201620;161945326888673000;-1;-1;-1;-1;No Aplica;No Aplica;No Aplica;No Aplica
201620;162111358182780000;-1;-1;-1;-1;No Aplica;No Aplica;No Aplica;No Aplica
201620;162104320277189000;-1;-1;-1;-1;No Aplica;No Aplica;No Aplica;No Aplica
201620;161947474231920000;-1;-1;-1;-1;No Aplica;No Aplica;No Aplica;No Aplica
201620;161966078160609000;-1;-1;-1;-1;No Aplica;No Aplica;No Aplica;No Aplica
201620;162114685538702000;-1;-1;-1;-1;No Aplica;No Aplica;No Aplica;No Aplica
201620;161968412379564000;-1;-1;-1;-1;No Aplica;No Aplica;No Aplica;No Aplica
201620;161965477705625000;-1;-1;-1;-1;No Aplica;No Aplica;No Aplica;No Aplica
201620;161963958060452000;-1;-1;-1;-1;No Aplica;No Aplica;No Aplica;No Aplica
201620;162113709553707000;-1;-1;-1;-1;No Aplica;No Aplica;No Aplica;No Aplica
201620;161965323165112000;-1;-1;-1;-1;No Aplica;No Aplica;No Aplica;No Aplica
201620;161967101995266000;-1;-1;-1;-1;No Aplica;No Aplica;No Aplica;No Aplica
201620;161806978824674000;-1;-1;-1;-1;No Aplica;No Aplica;No Aplica;No Aplica
201620;161964080404503000;-1;-1;-1;-1;No Aplica;No Aplica;No Aplica;No Aplica
201620;161966797742176000;-1;-1;-1;-1;No Aplica;No Aplica;No Aplica;No Aplica
201620;161966511197199000;-1;-1;-1;-1;No Aplica;No Aplica;No Aplica;No Aplica
201620;161642607169536000;-1;-1;-1;-1;No Aplica;No Aplica;No Aplica;No Aplica
201620;161316815085881000;-1;-1;-1;-1;No Aplica;No Aplica;No Aplica;No Aplica
201620;162129275737229000;-1;-1;-1;-1;No Aplica;No Aplica;No Aplica;No Aplica
201620;161964342800452000;-1;-1;-1;-1;No Aplica;No Aplica;No Aplica;No Aplica
201620;161966087819411000;-1;-1;-1;-1;No Aplica;No Aplica;No Aplica;No Aplica
201620;162129609133917000;-1;-1;-1;-1;No Aplica;No Aplica;No Aplica;No Aplica
201620;161783489747098000;-1;-1;-1;-1;No Aplica;No Aplica;No Aplica;No Aplica
201620;162107787674741000;-1;-1;-1;-1;No Aplica;No Aplica;No Aplica;No Aplica
201620;162127586210490000;-1;-1;-1;-1;No Aplica;No Aplica;No Aplica;No Aplica
201620;161460353919120000;-1;-1;-1;-1;No Aplica;No Aplica;No Aplica;No Aplica
201620;161955677407358000;-1;-1;-1;-1;No Aplica;No Aplica;No Aplica;No Aplica
201620;161948230795526000;-1;-1;-1;-1;No Aplica;No Aplica;No Aplica;No Aplica
201620;161964914277028000;-1;-1;-1;-1;No Aplica;No Aplica;No Aplica;No Aplica
201620;161784488871029000;-1;-1;-1;-1;No Aplica;No Aplica;No Aplica;No Aplica
201620;161946014230128000;-1;-1;-1;-1;No Aplica;No Aplica;No Aplica;No Aplica
201620;161641796641752000;-1;-1;-1;-1;No Aplica;No Aplica;No Aplica;No Aplica
201620;162109425561910000;-1;-1;-1;-1;No Aplica;No Aplica;No Aplica;No Aplica
201620;162108072734155000;-1;-1;-1;-1;No Aplica;No Aplica;No Aplica;No Aplica
201620;161952422511864000;-1;-1;-1;-1;No Aplica;No Aplica;No Aplica;No Aplica
201620;161806454287993000;-1;-1;-1;-1;No Aplica;No Aplica;No Aplica;No Aplica
201620;162116964459000000;-1;-1;-1;-1;No Aplica;No Aplica;No Aplica;No Aplica
201620;161807828382820000;-1;-1;-1;-1;No Aplica;No Aplica;No Aplica;No Aplica
201620;161806214546051000;-1;-1;-1;-1;No Aplica;No Aplica;No Aplica;No Aplica
201620;161783462395922000;-1;-1;-1;-1;No Aplica;No Aplica;No Aplica;No Aplica
201620;161806106742685000;-1;-1;-1;-1;No Aplica;No Aplica;No Aplica;No Aplica
201620;161945127286276000;-1;-1;-1;-1;No Aplica;No Aplica;No Aplica;No Aplica
201620;161952000762221000;-1;-1;-1;-1;No Aplica;No Aplica;No Aplica;No Aplica
201620;161956287502685000;-1;-1;-1;-1;No Aplica;No Aplica;No Aplica;No Aplica
201620;160980032144849000;-1;-1;-1;-1;No Aplica;No Aplica;No Aplica;No Aplica
201620;161645058063532000;-1;-1;-1;-1;No Aplica;No Aplica;No Aplica;No Aplica
201620;161808245117650000;-1;-1;-1;-1;No Aplica;No Aplica;No Aplica;No Aplica
201620;161965186332428000;-1;-1;-1;-1;No Aplica;No Aplica;No Aplica;No Aplica
201620;161802990114636000;-1;-1;-1;-1;No Aplica;No Aplica;No Aplica;No Aplica
201620;161782849408423000;-1;-1;-1;-1;No Aplica;No Aplica;No Aplica;No Aplica
201620;161320188901748000;-1;-1;-1;-1;No Aplica;No Aplica;No Aplica;No Aplica
201620;161784775254948000;-1;-1;-1;-1;No Aplica;No Aplica;No Aplica;No Aplica
201620;162110085872745000;-1;-1;-1;-1;No Aplica;No Aplica;No Aplica;No Aplica
201620;162110664048459000;-1;-1;-1;-1;No Aplica;No Aplica;No Aplica;No Aplica
201620;161949199843407000;-1;-1;-1;-1;No Aplica;No Aplica;No Aplica;No Aplica
201620;162129911929274000;-1;-1;-1;-1;No Aplica;No Aplica;No Aplica;No Aplica
201620;161641613308368000;-1;-1;-1;-1;No Aplica;No Aplica;No Aplica;No Aplica
201620;161481109459683000;-1;-1;-1;-1;No Aplica;No Aplica;No Aplica;No Aplica
201620;161781493117373000;-1;-1;-1;-1;No Aplica;No Aplica;No Aplica;No Aplica
201620;161945053240257000;-1;-1;-1;-1;No Aplica;No Aplica;No Aplica;No Aplica
201620;161968050172072000;-1;-1;-1;-1;No Aplica;No Aplica;No Aplica;No Aplica
201620;161964964180664000;-1;-1;-1;-1;No Aplica;No Aplica;No Aplica;No Aplica
201620;162110760679598000;-1;-1;-1;-1;No Aplica;No Aplica;No Aplica;No Aplica
201620;161626413081071000;-1;-1;-1;-1;No Aplica;No Aplica;No Aplica;No Aplica
201620;161788623764548000;-1;-1;-1;-1;No Aplica;No Aplica;No Aplica;No Aplica
201620;161967037603054000;-1;-1;-1;-1;No Aplica;No Aplica;No Aplica;No Aplica
201620;161967060140327000;-1;-1;-1;-1;No Aplica;No Aplica;No Aplica;No Aplica
201620;161642452783135000;-1;-1;-1;-1;No Aplica;No Aplica;No Aplica;No Aplica
201620;161806854930964000;-1;-1;-1;-1;No Aplica;No Aplica;No Aplica;No Aplica
201620;161950004702655000;-1;-1;-1;-1;No Aplica;No Aplica;No Aplica;No Aplica
201620;161948525372898000;-1;-1;-1;-1;No Aplica;No Aplica;No Aplica;No Aplica
201620;161968125833159000;-1;-1;-1;-1;No Aplica;No Aplica;No Aplica;No Aplica
201620;161641211261838000;-1;-1;-1;-1;No Aplica;No Aplica;No Aplica;No Aplica
201620;161963634492855000;-1;-1;-1;-1;No Aplica;No Aplica;No Aplica;No Aplica
201620;161806825968805000;-1;-1;-1;-1;No Aplica;No Aplica;No Aplica;No Aplica
201620;161968030854350000;-1;-1;-1;-1;No Aplica;No Aplica;No Aplica;No Aplica
201620;162112015276500000;-1;-1;-1;-1;No Aplica;No Aplica;No Aplica;No Aplica
201620;161806895156189000;-1;-1;-1;-1;No Aplica;No Aplica;No Aplica;No Aplica
201620;161142690568376000;-1;-1;-1;-1;No Aplica;No Aplica;No Aplica;No Aplica
201620;162113962407624000;-1;-1;-1;-1;No Aplica;No Aplica;No Aplica;No Aplica
201620;162109262900179000;-1;-1;-1;-1;No Aplica;No Aplica;No Aplica;No Aplica
201620;161804443035593000;-1;-1;-1;-1;No Aplica;No Aplica;No Aplica;No Aplica
201620;161965670881370000;-1;-1;-1;-1;No Aplica;No Aplica;No Aplica;No Aplica
201620;161478719281846000;-1;-1;-1;-1;No Aplica;No Aplica;No Aplica;No Aplica
201620;161809765641176000;-1;-1;-1;-1;No Aplica;No Aplica;No Aplica;No Aplica
201620;162103763049085000;-1;-1;-1;-1;No Aplica;No Aplica;No Aplica;No Aplica
201620;161952700995709000;-1;-1;-1;-1;No Aplica;No Aplica;No Aplica;No Aplica
201620;162128215956796000;-1;-1;-1;-1;No Aplica;No Aplica;No Aplica;No Aplica
201620;161946857714374000;-1;-1;-1;-1;No Aplica;No Aplica;No Aplica;No Aplica
201620;161477963815731000;-1;-1;-1;-1;No Aplica;No Aplica;No Aplica;No Aplica
201620;161952614070090000;-1;-1;-1;-1;No Aplica;No Aplica;No Aplica;No Aplica
201620;161968133882212000;-1;-1;-1;-1;No Aplica;No Aplica;No Aplica;No Aplica
201620;161944589648173000;-1;-1;-1;-1;No Aplica;No Aplica;No Aplica;No Aplica
201620;162107494563062000;-1;-1;-1;-1;No Aplica;No Aplica;No Aplica;No Aplica
201620;161467022614205000;-1;-1;-1;-1;No Aplica;No Aplica;No Aplica;No Aplica
201620;161950603519233000;-1;-1;-1;-1;No Aplica;No Aplica;No Aplica;No Aplica
201620;162114007502610000;-1;-1;-1;-1;No Aplica;No Aplica;No Aplica;No Aplica
201620;162113554942492000;-1;-1;-1;-1;No Aplica;No Aplica;No Aplica;No Aplica
201620;162113791690945000;-1;-1;-1;-1;No Aplica;No Aplica;No Aplica;No Aplica
201620;162111870329242000;-1;-1;-1;-1;No Aplica;No Aplica;No Aplica;No Aplica
201620;161809582212562000;-1;-1;-1;-1;No Aplica;No Aplica;No Aplica;No Aplica
201620;161967274244496000;-1;-1;-1;-1;No Aplica;No Aplica;No Aplica;No Aplica
201620;161965321555316000;-1;-1;-1;-1;No Aplica;No Aplica;No Aplica;No Aplica
201620;161965461607652000;-1;-1;-1;-1;No Aplica;No Aplica;No Aplica;No Aplica
201620;161966269726910000;-1;-1;-1;-1;No Aplica;No Aplica;No Aplica;No Aplica
201620;161786189480372000;-1;-1;-1;-1;No Aplica;No Aplica;No Aplica;No Aplica
201620;161947483890168000;-1;-1;-1;-1;No Aplica;No Aplica;No Aplica;No Aplica
201620;161967391760379000;-1;-1;-1;-1;No Aplica;No Aplica;No Aplica;No Aplica
201620;162114754791875000;-1;-1;-1;-1;No Aplica;No Aplica;No Aplica;No Aplica
201620;161625083175593000;-1;-1;-1;-1;No Aplica;No Aplica;No Aplica;No Aplica
201620;162108571991360000;-1;-1;-1;-1;No Aplica;No Aplica;No Aplica;No Aplica
201620;162129196817290000;-1;-1;-1;-1;No Aplica;No Aplica;No Aplica;No Aplica
201620;162129502833486000;-1;-1;-1;-1;No Aplica;No Aplica;No Aplica;No Aplica
201620;162112229476457000;-1;-1;-1;-1;No Aplica;No Aplica;No Aplica;No Aplica
201620;161139280072637000;-1;-1;-1;-1;No Aplica;No Aplica;No Aplica;No Aplica
201620;161965352141453000;-1;-1;-1;-1;No Aplica;No Aplica;No Aplica;No Aplica
201620;161790044442494000;-1;-1;-1;-1;No Aplica;No Aplica;No Aplica;No Aplica
201620;161964284847954000;-1;-1;-1;-1;No Aplica;No Aplica;No Aplica;No Aplica
201620;161965250724272000;-1;-1;-1;-1;No Aplica;No Aplica;No Aplica;No Aplica
201620;161949262622357000;-1;-1;-1;-1;No Aplica;No Aplica;No Aplica;No Aplica
201620;161628815608586000;-1;-1;-1;-1;No Aplica;No Aplica;No Aplica;No Aplica
201620;161949735879444000;-1;-1;-1;-1;No Aplica;No Aplica;No Aplica;No Aplica
201620;161966636761821000;-1;-1;-1;-1;No Aplica;No Aplica;No Aplica;No Aplica
201620;161966847646102000;-1;-1;-1;-1;No Aplica;No Aplica;No Aplica;No Aplica
201620;161947300383512000;-1;-1;-1;-1;No Aplica;No Aplica;No Aplica;No Aplica
201620;161964788713074000;-1;-1;-1;-1;No Aplica;No Aplica;No Aplica;No Aplica
201620;162111673845284000;-1;-1;-1;-1;No Aplica;No Aplica;No Aplica;No Aplica
201620;162266043848179000;-1;-1;-1;-1;No Aplica;No Aplica;No Aplica;No Aplica
201620;162107256208706000;-1;-1;-1;-1;No Aplica;No Aplica;No Aplica;No Aplica
201620;162111736655716000;-1;-1;-1;-1;No Aplica;No Aplica;No Aplica;No Aplica
201620;161964465144648000;-1;-1;-1;-1;No Aplica;No Aplica;No Aplica;No Aplica
201620;161804348104789000;-1;-1;-1;-1;No Aplica;No Aplica;No Aplica;No Aplica
201620;161953439864410000;-1;-1;-1;-1;No Aplica;No Aplica;No Aplica;No Aplica
201620;161946291098760000;-1;-1;-1;-1;No Aplica;No Aplica;No Aplica;No Aplica
201620;162113569437290000;-1;-1;-1;-1;No Aplica;No Aplica;No Aplica;No Aplica
201620;162129477063690000;-1;-1;-1;-1;No Aplica;No Aplica;No Aplica;No Aplica
201620;161791798175854000;-1;-1;-1;-1;No Aplica;No Aplica;No Aplica;No Aplica
201620;161962559156101000;-1;-1;-1;-1;No Aplica;No Aplica;No Aplica;No Aplica
201620;161945177186864000;-1;-1;-1;-1;No Aplica;No Aplica;No Aplica;No Aplica
201620;161805097898002000;-1;-1;-1;-1;No Aplica;No Aplica;No Aplica;No Aplica
201620;162116094763145000;-1;-1;-1;-1;No Aplica;No Aplica;No Aplica;No Aplica
201620;162114770897266000;-1;-1;-1;-1;No Aplica;No Aplica;No Aplica;No Aplica
201620;161965373068812000;-1;-1;-1;-1;No Aplica;No Aplica;No Aplica;No Aplica
201620;161475787440250000;-1;-1;-1;-1;No Aplica;No Aplica;No Aplica;No Aplica
201620;162107829547860000;-1;-1;-1;-1;No Aplica;No Aplica;No Aplica;No Aplica
201620;161949312523582000;-1;-1;-1;-1;No Aplica;No Aplica;No Aplica;No Aplica
201620;161806570136512000;-1;-1;-1;-1;No Aplica;No Aplica;No Aplica;No Aplica
201620;161805509802309000;-1;-1;-1;-1;No Aplica;No Aplica;No Aplica;No Aplica
201620;161947181265211000;-1;-1;-1;-1;No Aplica;No Aplica;No Aplica;No Aplica
201620;161783928975113000;-1;-1;-1;-1;No Aplica;No Aplica;No Aplica;No Aplica
201620;161806283733304000;-1;-1;-1;-1;No Aplica;No Aplica;No Aplica;No Aplica
201620;161808389929106000;-1;-1;-1;-1;No Aplica;No Aplica;No Aplica;No Aplica
201620;161966005719600000;-1;-1;-1;-1;No Aplica;No Aplica;No Aplica;No Aplica
201620;161966372754212000;-1;-1;-1;-1;No Aplica;No Aplica;No Aplica;No Aplica
201620;161949966069366000;-1;-1;-1;-1;No Aplica;No Aplica;No Aplica;No Aplica
201620;161946324902505000;-1;-1;-1;-1;No Aplica;No Aplica;No Aplica;No Aplica
201620;161945980426415000;-1;-1;-1;-1;No Aplica;No Aplica;No Aplica;No Aplica
201620;162107803779786000;-1;-1;-1;-1;No Aplica;No Aplica;No Aplica;No Aplica
201620;162108290152521000;-1;-1;-1;-1;No Aplica;No Aplica;No Aplica;No Aplica
201620;161964553683240000;-1;-1;-1;-1;No Aplica;No Aplica;No Aplica;No Aplica
201620;161809596693764000;-1;-1;-1;-1;No Aplica;No Aplica;No Aplica;No Aplica
201620;161964762956372000;-1;-1;-1;-1;No Aplica;No Aplica;No Aplica;No Aplica
201620;161950809563903000;-1;-1;-1;-1;No Aplica;No Aplica;No Aplica;No Aplica
201620;161961660898495000;-1;-1;-1;-1;No Aplica;No Aplica;No Aplica;No Aplica
201620;162109844295454000;-1;-1;-1;-1;No Aplica;No Aplica;No Aplica;No Aplica
201620;161945307572307000;-1;-1;-1;-1;No Aplica;No Aplica;No Aplica;No Aplica
201620;162110145461838000;-1;-1;-1;-1;No Aplica;No Aplica;No Aplica;No Aplica
201620;161963644151585000;-1;-1;-1;-1;No Aplica;No Aplica;No Aplica;No Aplica
201620;161807603120973000;-1;-1;-1;-1;No Aplica;No Aplica;No Aplica;No Aplica
201620;162130432158127000;-1;-1;-1;-1;No Aplica;No Aplica;No Aplica;No Aplica
201620;161965992841200000;-1;-1;-1;-1;No Aplica;No Aplica;No Aplica;No Aplica
201620;161949384960857000;-1;-1;-1;-1;No Aplica;No Aplica;No Aplica;No Aplica
201620;162111498298241000;-1;-1;-1;-1;No Aplica;No Aplica;No Aplica;No Aplica
201620;162125682483569000;-1;-1;-1;-1;No Aplica;No Aplica;No Aplica;No Aplica
201620;162129638124950000;-1;-1;-1;-1;No Aplica;No Aplica;No Aplica;No Aplica
201620;161642365940817000;-1;-1;-1;-1;No Aplica;No Aplica;No Aplica;No Aplica
201620;161807931359716000;-1;-1;-1;-1;No Aplica;No Aplica;No Aplica;No Aplica
201620;161943094246285000;-1;-1;-1;-1;No Aplica;No Aplica;No Aplica;No Aplica
201620;161643057463628000;-1;-1;-1;-1;No Aplica;No Aplica;No Aplica;No Aplica
201620;161967275854303000;-1;-1;-1;-1;No Aplica;No Aplica;No Aplica;No Aplica
201620;161950336305247000;-1;-1;-1;-1;No Aplica;No Aplica;No Aplica;No Aplica
201620;161967734649431000;-1;-1;-1;-1;No Aplica;No Aplica;No Aplica;No Aplica
201620;161968555652862000;-1;-1;-1;-1;No Aplica;No Aplica;No Aplica;No Aplica
201620;161785877352727000;-1;-1;-1;-1;No Aplica;No Aplica;No Aplica;No Aplica
201620;162112682034725000;-1;-1;-1;-1;No Aplica;No Aplica;No Aplica;No Aplica
201620;161946679037184000;-1;-1;-1;-1;No Aplica;No Aplica;No Aplica;No Aplica
201620;161622571325518000;-1;-1;-1;-1;No Aplica;No Aplica;No Aplica;No Aplica
201620;161806938599438000;-1;-1;-1;-1;No Aplica;No Aplica;No Aplica;No Aplica
201620;161786786385108000;-1;-1;-1;-1;No Aplica;No Aplica;No Aplica;No Aplica
201620;161963629663491000;-1;-1;-1;-1;No Aplica;No Aplica;No Aplica;No Aplica
201620;161966755887276000;-1;-1;-1;-1;No Aplica;No Aplica;No Aplica;No Aplica
201620;161966952283392000;-1;-1;-1;-1;No Aplica;No Aplica;No Aplica;No Aplica
201620;161806380273683000;-1;-1;-1;-1;No Aplica;No Aplica;No Aplica;No Aplica
201620;161626955015102000;-1;-1;-1;-1;No Aplica;No Aplica;No Aplica;No Aplica
201620;161641253074654000;-1;-1;-1;-1;No Aplica;No Aplica;No Aplica;No Aplica
201620;161968433307120000;-1;-1;-1;-1;No Aplica;No Aplica;No Aplica;No Aplica
201620;161966050794004000;-1;-1;-1;-1;No Aplica;No Aplica;No Aplica;No Aplica
201620;161946429533165000;-1;-1;-1;-1;No Aplica;No Aplica;No Aplica;No Aplica
201620;162427050065491000;-1;-1;-1;-1;No Aplica;No Aplica;No Aplica;No Aplica
201620;161809279716479000;-1;-1;-1;-1;No Aplica;No Aplica;No Aplica;No Aplica
201620;161791230222634000;-1;-1;-1;-1;No Aplica;No Aplica;No Aplica;No Aplica
201620;161969001571283000;-1;-1;-1;-1;No Aplica;No Aplica;No Aplica;No Aplica
201620;161629362371024000;-1;-1;-1;-1;No Aplica;No Aplica;No Aplica;No Aplica
201620;161808586229184000;-1;-1;-1;-1;No Aplica;No Aplica;No Aplica;No Aplica
201620;161809242708998000;-1;-1;-1;-1;No Aplica;No Aplica;No Aplica;No Aplica
201620;161945276988062000;-1;-1;-1;-1;No Aplica;No Aplica;No Aplica;No Aplica
201620;161948906875138000;-1;-1;-1;-1;No Aplica;No Aplica;No Aplica;No Aplica
201620;161950579373382000;-1;-1;-1;-1;No Aplica;No Aplica;No Aplica;No Aplica
201620;161965387556984000;-1;-1;-1;-1;No Aplica;No Aplica;No Aplica;No Aplica
201620;161966726910810000;-1;-1;-1;-1;No Aplica;No Aplica;No Aplica;No Aplica
201620;161805554854375000;-1;-1;-1;-1;No Aplica;No Aplica;No Aplica;No Aplica
201620;161945256062002000;-1;-1;-1;-1;No Aplica;No Aplica;No Aplica;No Aplica
201620;162111562719163000;-1;-1;-1;-1;No Aplica;No Aplica;No Aplica;No Aplica
201620;161951789887605000;-1;-1;-1;-1;No Aplica;No Aplica;No Aplica;No Aplica
201620;161962320908321000;-1;-1;-1;-1;No Aplica;No Aplica;No Aplica;No Aplica
201620;161964410411712000;-1;-1;-1;-1;No Aplica;No Aplica;No Aplica;No Aplica
201620;161786348762121000;-1;-1;-1;-1;No Aplica;No Aplica;No Aplica;No Aplica
201620;161951400333332000;-1;-1;-1;-1;No Aplica;No Aplica;No Aplica;No Aplica
201620;161805867001000000;-1;-1;-1;-1;No Aplica;No Aplica;No Aplica;No Aplica
201620;161807525888376000;-1;-1;-1;-1;No Aplica;No Aplica;No Aplica;No Aplica
201620;161950793466659000;-1;-1;-1;-1;No Aplica;No Aplica;No Aplica;No Aplica
201620;161966554661871000;-1;-1;-1;-1;No Aplica;No Aplica;No Aplica;No Aplica
201620;161966668957886000;-1;-1;-1;-1;No Aplica;No Aplica;No Aplica;No Aplica
201620;161964478022987000;-1;-1;-1;-1;No Aplica;No Aplica;No Aplica;No Aplica
201620;161784253972050000;-1;-1;-1;-1;No Aplica;No Aplica;No Aplica;No Aplica
201620;161801690053573000;-1;-1;-1;-1;No Aplica;No Aplica;No Aplica;No Aplica
201620;161954858046312000;-1;-1;-1;-1;No Aplica;No Aplica;No Aplica;No Aplica
201620;161785692328750000;-1;-1;-1;-1;No Aplica;No Aplica;No Aplica;No Aplica
201620;161964832177514000;-1;-1;-1;-1;No Aplica;No Aplica;No Aplica;No Aplica
201620;161964973839433000;-1;-1;-1;-1;No Aplica;No Aplica;No Aplica;No Aplica
201620;161806330394484000;-1;-1;-1;-1;No Aplica;No Aplica;No Aplica;No Aplica
201620;161807662654446000;-1;-1;-1;-1;No Aplica;No Aplica;No Aplica;No Aplica
201620;162110974878725000;-1;-1;-1;-1;No Aplica;No Aplica;No Aplica;No Aplica
201620;161966099088014000;-1;-1;-1;-1;No Aplica;No Aplica;No Aplica;No Aplica
201620;162115160647973000;-1;-1;-1;-1;No Aplica;No Aplica;No Aplica;No Aplica
201620;161809080197940000;-1;-1;-1;-1;No Aplica;No Aplica;No Aplica;No Aplica
201620;162131092511743000;-1;-1;-1;-1;No Aplica;No Aplica;No Aplica;No Aplica
201620;161641491086170000;-1;-1;-1;-1;No Aplica;No Aplica;No Aplica;No Aplica
201620;161965015694103000;-1;-1;-1;-1;No Aplica;No Aplica;No Aplica;No Aplica
201620;162108720158162000;-1;-1;-1;-1;No Aplica;No Aplica;No Aplica;No Aplica
201620;161804974005012000;-1;-1;-1;-1;No Aplica;No Aplica;No Aplica;No Aplica
201620;161970656465232000;-1;-1;-1;-1;No Aplica;No Aplica;No Aplica;No Aplica
201620;161804642551272000;-1;-1;-1;-1;No Aplica;No Aplica;No Aplica;No Aplica
201620;161963787422774000;-1;-1;-1;-1;No Aplica;No Aplica;No Aplica;No Aplica
201620;161964077184922000;-1;-1;-1;-1;No Aplica;No Aplica;No Aplica;No Aplica
201620;161966683446116000;-1;-1;-1;-1;No Aplica;No Aplica;No Aplica;No Aplica
201620;161965751371297000;-1;-1;-1;-1;No Aplica;No Aplica;No Aplica;No Aplica
201620;161967485129193000;-1;-1;-1;-1;No Aplica;No Aplica;No Aplica;No Aplica
201620;162116357282204000;-1;-1;-1;-1;No Aplica;No Aplica;No Aplica;No Aplica
201620;161966379193419000;-1;-1;-1;-1;No Aplica;No Aplica;No Aplica;No Aplica
201620;161639599864364000;-1;-1;-1;-1;No Aplica;No Aplica;No Aplica;No Aplica
201620;161477417309431000;-1;-1;-1;-1;No Aplica;No Aplica;No Aplica;No Aplica
201620;161966578808913000;-1;-1;-1;-1;No Aplica;No Aplica;No Aplica;No Aplica
201620;162129191985458000;-1;-1;-1;-1;No Aplica;No Aplica;No Aplica;No Aplica
201620;161966689885329000;-1;-1;-1;-1;No Aplica;No Aplica;No Aplica;No Aplica
201620;161966514416804000;-1;-1;-1;-1;No Aplica;No Aplica;No Aplica;No Aplica
201620;161968290033877000;-1;-1;-1;-1;No Aplica;No Aplica;No Aplica;No Aplica
201620;161804673122234000;-1;-1;-1;-1;No Aplica;No Aplica;No Aplica;No Aplica
201620;161951302139974000;-1;-1;-1;-1;No Aplica;No Aplica;No Aplica;No Aplica
201620;161951463112708000;-1;-1;-1;-1;No Aplica;No Aplica;No Aplica;No Aplica
201620;161945433128709000;-1;-1;-1;-1;No Aplica;No Aplica;No Aplica;No Aplica
201620;162129212923398000;-1;-1;-1;-1;No Aplica;No Aplica;No Aplica;No Aplica
201620;162114481000349000;-1;-1;-1;-1;No Aplica;No Aplica;No Aplica;No Aplica
201620;161804853330068000;-1;-1;-1;-1;No Aplica;No Aplica;No Aplica;No Aplica
201620;162107417258928000;-1;-1;-1;-1;No Aplica;No Aplica;No Aplica;No Aplica
201620;161963959670241000;-1;-1;-1;-1;No Aplica;No Aplica;No Aplica;No Aplica
201620;162108119438829000;-1;-1;-1;-1;No Aplica;No Aplica;No Aplica;No Aplica
201620;161946782058254000;-1;-1;-1;-1;No Aplica;No Aplica;No Aplica;No Aplica
201620;162106703807054000;-1;-1;-1;-1;No Aplica;No Aplica;No Aplica;No Aplica
201620;161968046952452000;-1;-1;-1;-1;No Aplica;No Aplica;No Aplica;No Aplica
201620;161964938423948000;-1;-1;-1;-1;No Aplica;No Aplica;No Aplica;No Aplica
201620;162117168998920000;-1;-1;-1;-1;No Aplica;No Aplica;No Aplica;No Aplica
201620;161954787217556000;-1;-1;-1;-1;No Aplica;No Aplica;No Aplica;No Aplica
201620;161629347897889000;-1;-1;-1;-1;No Aplica;No Aplica;No Aplica;No Aplica
201620;161967876312620000;-1;-1;-1;-1;No Aplica;No Aplica;No Aplica;No Aplica
201620;161477534647470000;-1;-1;-1;-1;No Aplica;No Aplica;No Aplica;No Aplica
201620;161807036749022000;-1;-1;-1;-1;No Aplica;No Aplica;No Aplica;No Aplica
201620;161964854714633000;-1;-1;-1;-1;No Aplica;No Aplica;No Aplica;No Aplica
201620;161806259598214000;-1;-1;-1;-1;No Aplica;No Aplica;No Aplica;No Aplica
201620;162111907371313000;-1;-1;-1;-1;No Aplica;No Aplica;No Aplica;No Aplica
201620;161948913313998000;-1;-1;-1;-1;No Aplica;No Aplica;No Aplica;No Aplica
201620;161950323427470000;-1;-1;-1;-1;No Aplica;No Aplica;No Aplica;No Aplica
201620;161783467222600000;-1;-1;-1;-1;No Aplica;No Aplica;No Aplica;No Aplica
201620;161954058004226000;-1;-1;-1;-1;No Aplica;No Aplica;No Aplica;No Aplica
201620;162112881740354000;-1;-1;-1;-1;No Aplica;No Aplica;No Aplica;No Aplica
201620;162108008313927000;-1;-1;-1;-1;No Aplica;No Aplica;No Aplica;No Aplica
201620;161623944639338000;-1;-1;-1;-1;No Aplica;No Aplica;No Aplica;No Aplica
201620;161949405887184000;-1;-1;-1;-1;No Aplica;No Aplica;No Aplica;No Aplica
201620;162107681381464000;-1;-1;-1;-1;No Aplica;No Aplica;No Aplica;No Aplica
201620;162107217556665000;-1;-1;-1;-1;No Aplica;No Aplica;No Aplica;No Aplica
201620;161961862120861000;-1;-1;-1;-1;No Aplica;No Aplica;No Aplica;No Aplica
201620;162112287455417000;-1;-1;-1;-1;No Aplica;No Aplica;No Aplica;No Aplica
201620;161964621294545000;-1;-1;-1;-1;No Aplica;No Aplica;No Aplica;No Aplica
201620;161807764022276000;-1;-1;-1;-1;No Aplica;No Aplica;No Aplica;No Aplica
201620;161806299823365000;-1;-1;-1;-1;No Aplica;No Aplica;No Aplica;No Aplica
201620;162111411330017000;-1;-1;-1;-1;No Aplica;No Aplica;No Aplica;No Aplica
201620;161965226577329000;-1;-1;-1;-1;No Aplica;No Aplica;No Aplica;No Aplica
201620;161963972548560000;-1;-1;-1;-1;No Aplica;No Aplica;No Aplica;No Aplica
201620;161787603711977000;-1;-1;-1;-1;No Aplica;No Aplica;No Aplica;No Aplica
201620;161783089133055000;-1;-1;-1;-1;No Aplica;No Aplica;No Aplica;No Aplica
201620;161947567594993000;-1;-1;-1;-1;No Aplica;No Aplica;No Aplica;No Aplica
201620;161965052719392000;-1;-1;-1;-1;No Aplica;No Aplica;No Aplica;No Aplica
201620;161785335152328000;-1;-1;-1;-1;No Aplica;No Aplica;No Aplica;No Aplica
201620;162111003868092000;-1;-1;-1;-1;No Aplica;No Aplica;No Aplica;No Aplica
201620;161964223675884000;-1;-1;-1;-1;No Aplica;No Aplica;No Aplica;No Aplica
201620;161806294996347000;-1;-1;-1;-1;No Aplica;No Aplica;No Aplica;No Aplica
201620;161952251880263000;-1;-1;-1;-1;No Aplica;No Aplica;No Aplica;No Aplica
201620;162107257819208000;-1;-1;-1;-1;No Aplica;No Aplica;No Aplica;No Aplica
201620;161966134503627000;-1;-1;-1;-1;No Aplica;No Aplica;No Aplica;No Aplica
201620;161965720785122000;-1;-1;-1;-1;No Aplica;No Aplica;No Aplica;No Aplica
201620;161949645735184000;-1;-1;-1;-1;No Aplica;No Aplica;No Aplica;No Aplica
201620;162111841339798000;-1;-1;-1;-1;No Aplica;No Aplica;No Aplica;No Aplica
201620;161953245086222000;-1;-1;-1;-1;No Aplica;No Aplica;No Aplica;No Aplica
201620;162110931394680000;-1;-1;-1;-1;No Aplica;No Aplica;No Aplica;No Aplica
